batch_id,temperature_c,pressure_bar,mixing_time_min,mixing_speed_rpm,humidity_pct,ph_level,particle_size_um,active_ingredient_pct,moisture_content_pct,granulation_time_min,drying_temp_c,coating_thickness_um,tablet_hardness_n,dissolution_rate_pct,operator_experience_yr,shift,equipment_age_yr,raw_material_grade,batch_failed
BATCH-01000,68.97,2.162,36.4,92,44.7,6.39,247.0,97.664,3.203,32.6,57.4,116.1,69.9,83.87,4.3,1,3.1,0,0
BATCH-01001,63.89,2.428,44.7,104,40.0,6.62,124.8,97.684,2.531,23.7,57.0,146.8,69.3,75.54,5.9,0,4.6,0,0
BATCH-01002,70.18,2.104,45.2,96,43.3,6.44,186.9,101.353,1.77,35.5,48.4,178.8,101.4,84.04,1.2,1,0.5,0,1
BATCH-01003,77.18,2.346,49.7,106,52.1,6.87,198.3,99.214,2.13,25.3,59.1,151.7,108.0,86.18,6.4,1,10.6,1,0
BATCH-01004,63.13,1.553,31.3,115,57.8,7.52,200.6,101.721,2.774,36.0,44.6,173.5,66.1,89.15,4.4,2,2.9,0,0
BATCH-01005,63.13,2.607,50.9,141,50.7,6.34,207.2,97.255,3.955,27.8,50.4,135.2,70.0,85.62,4.7,2,4.1,1,0
BATCH-01006,77.63,2.501,18.0,112,46.0,7.4,224.4,97.873,2.113,16.2,41.0,129.8,97.1,77.95,1.8,1,0.8,1,1
BATCH-01007,71.14,2.091,38.7,80,60.0,6.33,198.6,96.002,3.144,22.1,65.9,171.2,88.0,100.0,0.8,2,1.2,1,1
BATCH-01008,61.24,2.83,40.1,149,41.9,6.29,185.3,96.786,2.238,26.6,53.4,159.2,90.1,91.63,4.9,0,0.5,0,0
BATCH-01009,69.34,2.969,51.3,99,55.3,7.29,183.7,100.853,2.588,40.9,70.2,120.4,93.4,89.42,4.4,0,1.2,0,0
BATCH-01010,61.29,1.696,45.2,119,42.1,7.35,175.5,97.217,3.712,37.2,60.6,130.0,76.4,93.04,2.1,2,2.7,1,0
BATCH-01011,61.27,2.119,30.9,131,49.3,7.31,231.5,100.879,3.111,43.0,58.1,189.1,84.9,86.96,1.8,2,7.2,1,0
BATCH-01012,66.94,2.115,35.2,125,43.9,6.01,174.1,96.135,1.507,43.2,50.9,126.9,83.8,95.29,2.1,1,3.1,1,0
BATCH-01013,49.69,2.03,47.0,147,44.4,6.52,233.9,96.42,2.042,25.7,47.7,173.4,67.1,85.45,3.4,0,1.1,0,0
BATCH-01014,51.2,2.915,44.2,132,41.2,7.29,200.8,97.488,3.505,28.5,58.7,138.0,84.7,85.01,18.4,2,0.5,1,1
BATCH-01015,60.5,2.403,39.2,98,58.4,6.82,179.1,97.904,2.614,26.7,54.5,149.9,98.6,90.08,7.2,0,3.9,0,0
BATCH-01016,56.9,2.368,40.2,174,37.7,6.16,224.7,99.385,1.581,24.6,45.6,157.4,75.0,97.61,9.5,0,2.2,0,0
BATCH-01017,67.51,1.498,52.0,125,37.6,7.07,170.9,98.676,1.845,15.3,44.4,97.5,82.3,97.1,3.5,1,15.0,1,0
BATCH-01018,57.74,2.818,39.8,116,66.2,6.37,225.5,97.376,3.063,29.9,48.3,113.4,83.1,89.74,3.7,0,6.1,0,1
BATCH-01019,53.7,1.88,44.1,144,54.8,7.88,208.5,97.8,3.296,19.7,67.7,152.2,75.7,89.13,1.1,0,6.6,1,0
BATCH-01020,76.73,2.53,66.7,126,21.1,7.73,176.1,97.521,2.514,29.7,70.5,131.9,90.2,90.57,6.4,2,0.5,0,0
BATCH-01021,63.19,2.639,30.8,130,39.3,7.16,221.1,96.628,4.48,46.9,56.4,174.9,69.8,92.88,2.7,0,6.0,0,0
BATCH-01022,65.54,3.18,26.5,182,26.9,7.62,221.9,96.668,3.159,25.9,56.0,109.8,100.0,95.39,6.8,2,0.9,0,1
BATCH-01023,53.6,1.846,52.8,113,35.5,6.84,246.3,99.542,2.305,31.6,52.6,164.1,89.4,83.11,2.6,2,3.5,0,0
BATCH-01024,60.64,1.0,38.2,112,20.0,7.26,238.6,95.258,1.847,37.3,48.5,115.6,65.9,95.54,0.6,2,2.4,0,0
BATCH-01025,65.89,2.592,41.8,123,43.6,7.69,219.7,100.426,1.72,32.2,64.6,141.2,105.5,87.74,1.0,2,3.4,0,0
BATCH-01026,55.79,3.4,37.2,147,33.6,6.95,154.9,97.486,2.768,32.3,68.1,123.4,82.5,90.21,8.3,1,0.6,1,0
BATCH-01027,68.01,3.119,42.4,82,45.6,6.65,297.9,96.841,2.109,27.1,48.7,197.6,69.2,96.06,1.5,1,2.4,0,0
BATCH-01028,60.19,2.605,61.0,71,28.7,5.78,143.9,99.11,3.839,28.1,54.4,116.5,96.6,90.98,1.5,2,0.5,1,0
BATCH-01029,62.67,2.254,53.0,105,45.8,6.75,238.0,100.228,3.673,22.3,51.9,146.9,87.4,92.33,13.3,0,0.5,0,0
BATCH-01030,60.19,2.904,53.6,79,40.9,7.29,217.3,99.676,3.006,36.8,52.1,106.8,53.4,81.88,5.4,0,4.3,1,0
BATCH-01031,79.82,2.013,30.8,109,60.0,7.37,153.0,98.753,1.557,16.1,63.3,190.0,72.1,96.99,0.6,1,12.1,0,0
BATCH-01032,64.89,2.738,33.5,133,59.1,7.1,195.0,99.63,1.962,37.8,45.8,160.0,84.2,90.57,0.8,1,6.0,0,0
BATCH-01033,56.54,2.753,16.6,98,52.9,6.48,196.8,95.425,3.505,18.8,58.3,153.4,47.6,86.01,1.6,1,2.5,1,1
BATCH-01034,71.58,3.03,36.9,84,41.7,5.61,252.2,97.217,2.05,37.7,60.1,186.9,81.3,93.81,4.5,1,0.5,0,0
BATCH-01035,55.23,3.88,54.6,122,64.9,6.5,171.5,96.633,3.398,27.2,54.0,153.7,82.4,100.0,7.0,1,0.5,1,0
BATCH-01036,66.67,2.696,50.2,142,29.5,6.62,189.5,99.837,2.88,20.1,61.3,155.5,62.2,75.65,1.6,1,0.7,0,0
BATCH-01037,49.32,2.246,42.8,78,31.0,6.61,106.6,97.425,2.541,34.6,56.0,153.3,84.1,78.57,10.2,0,14.9,1,1
BATCH-01038,54.37,2.487,44.8,141,44.2,7.17,269.4,99.268,1.938,37.4,63.5,164.1,80.1,100.0,0.6,0,2.0,0,0
BATCH-01039,66.57,1.615,38.1,140,67.5,7.99,157.2,98.804,2.425,26.5,44.3,137.7,62.1,88.41,1.2,1,7.4,0,1
BATCH-01040,70.91,2.153,47.0,144,43.0,6.87,213.1,96.707,2.652,35.8,52.6,144.6,93.8,86.53,17.6,0,4.9,0,0
BATCH-01041,66.37,2.295,52.7,150,43.2,6.67,195.9,97.12,3.326,11.7,54.5,170.3,92.6,84.08,0.7,2,3.7,0,1
BATCH-01042,64.07,2.238,28.8,175,30.6,6.64,196.1,99.941,1.791,19.4,36.3,156.9,75.7,94.67,11.0,2,11.8,0,0
BATCH-01043,62.59,2.576,48.0,111,54.5,6.87,232.4,96.837,2.29,40.3,47.4,147.1,77.0,100.0,6.1,1,1.0,0,0
BATCH-01044,53.17,2.089,54.3,123,54.5,6.3,266.9,98.187,2.536,28.2,49.3,115.0,90.9,79.68,0.5,2,2.4,0,0
BATCH-01045,59.24,3.061,40.8,110,52.9,6.87,210.1,96.826,3.03,15.1,61.6,187.5,77.0,84.22,3.3,1,8.0,1,0
BATCH-01046,61.31,2.5,52.0,120,38.7,7.07,226.2,97.529,1.773,24.4,50.1,133.5,51.0,82.19,3.7,0,3.2,1,0
BATCH-01047,73.46,2.495,73.1,158,37.9,6.93,213.2,97.931,1.447,22.6,49.3,174.7,87.3,90.86,13.5,1,1.1,0,0
BATCH-01048,67.75,2.336,44.0,86,32.1,7.07,240.7,96.826,3.039,28.7,60.7,154.4,67.8,94.78,2.7,0,0.9,0,0
BATCH-01049,50.9,2.578,48.9,98,45.8,7.06,181.5,96.559,1.286,27.0,43.7,117.7,74.2,97.97,3.0,0,5.6,0,0
BATCH-01050,67.59,2.913,37.6,154,34.2,5.74,243.0,98.429,3.528,31.4,40.5,181.3,101.9,91.13,0.6,0,0.5,1,0
BATCH-01051,61.92,2.066,46.8,146,33.2,7.18,244.4,96.733,2.375,29.4,52.5,156.4,78.0,100.0,5.1,1,9.8,0,0
BATCH-01052,59.58,2.171,49.6,111,40.8,6.4,243.3,96.784,1.262,40.9,44.9,183.4,80.0,80.4,1.2,1,0.5,1,0
BATCH-01053,69.89,2.348,46.9,141,40.1,6.14,173.6,96.591,2.116,33.4,45.1,145.4,87.6,78.32,0.5,0,4.0,0,0
BATCH-01054,73.25,1.827,34.8,129,39.6,6.14,193.3,97.883,2.803,33.7,59.0,167.6,87.6,96.75,20.0,0,3.7,0,0
BATCH-01055,72.45,2.09,47.1,158,49.7,7.06,209.6,99.416,2.074,39.3,61.1,105.9,66.2,85.98,1.6,1,3.5,0,0
BATCH-01056,58.29,2.262,59.6,122,45.8,6.67,145.2,100.26,2.516,26.9,60.5,137.5,79.1,73.99,0.8,0,2.6,0,0
BATCH-01057,62.53,2.937,49.5,146,42.1,5.79,263.8,96.911,3.092,19.9,62.8,118.2,80.5,82.47,6.0,0,7.7,0,0
BATCH-01058,67.65,2.631,54.6,186,46.8,7.09,199.5,101.225,2.338,39.7,63.7,140.6,84.1,87.05,8.6,1,4.3,1,0
BATCH-01059,72.8,2.597,42.6,135,35.1,5.94,211.4,96.493,1.75,31.1,40.1,161.8,84.3,79.83,0.5,0,6.1,0,0
BATCH-01060,61.17,2.925,52.5,121,46.1,6.88,176.9,99.625,2.261,31.1,58.2,134.9,118.8,76.88,0.6,0,0.5,0,0
BATCH-01061,63.51,2.431,47.8,138,46.5,6.94,146.9,96.917,3.632,24.9,51.3,171.6,62.4,83.34,0.5,0,0.5,1,0
BATCH-01062,56.15,2.695,35.5,111,30.0,7.33,175.8,96.694,3.848,25.1,49.8,128.6,94.7,76.48,0.5,1,0.5,0,0
BATCH-01063,55.43,2.448,48.2,180,55.0,7.87,208.8,96.883,0.884,36.8,58.9,172.1,97.8,90.08,5.4,2,0.6,0,1
BATCH-01064,71.5,2.633,35.1,125,36.2,5.98,226.9,97.921,3.373,37.9,42.9,182.7,87.4,69.45,4.4,2,4.4,1,1
BATCH-01065,75.85,2.209,38.7,113,45.9,6.77,206.5,98.87,2.7,36.3,42.7,175.3,70.2,85.72,5.4,1,2.7,1,0
BATCH-01066,64.42,1.281,46.9,99,56.6,6.63,213.9,99.005,3.239,36.3,59.4,141.4,105.0,89.16,3.5,0,5.6,0,0
BATCH-01067,73.03,2.433,48.0,147,54.3,7.06,186.5,96.584,2.06,34.6,58.4,96.9,47.1,84.28,8.5,0,0.9,1,0
BATCH-01068,67.89,3.211,33.1,142,45.3,6.93,219.8,96.516,1.085,31.1,56.0,164.6,69.8,93.75,4.0,0,1.8,0,0
BATCH-01069,59.84,2.963,55.5,108,41.4,6.59,259.3,96.625,2.968,28.6,48.8,146.9,97.6,74.04,12.6,1,8.8,0,0
BATCH-01070,67.89,2.983,50.7,134,54.5,6.54,228.2,97.833,1.747,39.7,60.2,125.5,74.4,79.39,3.3,1,11.0,0,0
BATCH-01071,77.3,3.118,38.0,82,51.7,6.13,232.4,97.685,1.389,27.0,59.8,136.1,103.9,82.36,7.8,1,10.2,0,0
BATCH-01072,64.71,2.544,29.6,125,38.8,7.39,211.8,96.575,1.445,33.0,55.6,185.9,57.3,90.7,2.6,0,6.8,1,0
BATCH-01073,77.52,2.599,43.6,131,37.1,7.08,139.9,98.404,2.981,23.6,46.8,121.6,63.3,86.75,2.9,0,4.7,1,1
BATCH-01074,44.04,2.191,40.5,163,24.3,7.35,158.2,101.394,2.612,24.7,52.0,161.7,72.0,100.0,9.5,0,9.8,0,0
BATCH-01075,71.58,2.342,46.1,101,46.5,6.61,218.2,97.243,3.126,28.1,60.9,155.4,86.3,78.55,0.6,1,5.0,0,0
BATCH-01076,65.7,2.808,41.4,88,44.2,6.41,199.6,97.35,3.035,23.6,64.3,141.1,76.7,73.84,4.2,0,12.3,1,0
BATCH-01077,62.61,3.102,24.9,98,56.4,6.15,217.6,98.839,2.163,36.4,52.7,166.1,72.6,99.31,6.5,1,0.5,1,0
BATCH-01078,65.73,2.43,41.1,87,48.6,7.02,267.1,97.162,2.444,19.2,53.3,190.8,101.3,73.55,6.9,0,10.2,0,1
BATCH-01079,49.1,2.275,41.9,153,58.3,6.18,229.0,99.003,2.091,30.8,53.9,142.6,102.7,90.46,4.5,1,3.2,0,1
BATCH-01080,63.24,2.5,51.3,159,38.0,7.91,250.4,96.922,2.332,31.1,56.9,143.9,73.8,77.17,3.0,0,0.5,1,0
BATCH-01081,67.86,2.801,38.0,128,56.4,6.02,203.8,100.748,1.726,15.5,50.9,165.6,54.4,68.45,1.5,0,1.0,1,1
BATCH-01082,76.82,1.778,61.8,151,39.7,6.96,167.7,98.517,2.812,26.5,35.0,173.0,47.6,82.0,12.0,0,7.6,0,0
BATCH-01083,60.85,1.352,25.9,123,52.8,7.74,197.7,97.07,3.36,32.0,63.3,146.8,83.6,92.2,2.3,0,2.8,1,0
BATCH-01084,58.53,2.225,58.1,118,30.4,7.16,167.8,97.117,1.847,33.4,67.6,142.4,89.8,75.23,8.0,0,15.0,0,0
BATCH-01085,60.99,1.89,42.8,112,47.4,6.91,262.3,97.229,3.525,28.4,50.7,94.6,80.9,89.61,0.5,2,0.5,0,0
BATCH-01086,72.32,2.246,53.6,112,25.2,6.22,231.6,100.059,2.591,35.4,47.5,130.5,78.9,91.1,1.3,0,2.1,0,0
BATCH-01087,67.63,2.426,45.8,81,42.3,5.97,220.8,96.097,2.693,29.1,54.0,121.5,67.9,74.83,2.1,0,1.6,0,0
BATCH-01088,60.76,2.273,56.4,127,49.4,7.26,249.4,96.998,1.14,30.1,53.7,167.1,89.8,83.18,5.6,1,2.9,1,0
BATCH-01089,69.11,3.226,41.1,119,39.8,7.7,119.2,97.158,1.054,32.0,62.0,143.9,105.2,97.62,1.9,1,4.0,0,0
BATCH-01090,65.78,2.663,34.0,139,34.5,6.54,223.5,97.976,2.615,37.4,55.4,142.9,46.7,90.2,0.5,0,4.3,0,0
BATCH-01091,72.75,2.65,59.2,122,53.5,6.12,147.6,97.593,3.132,24.6,49.5,149.8,78.8,82.91,1.0,1,0.5,1,0
BATCH-01092,59.38,2.811,43.9,116,44.0,5.33,199.7,95.763,1.963,26.1,45.8,128.2,65.4,88.32,1.5,1,0.5,0,0
BATCH-01093,62.38,1.931,47.2,98,40.1,6.21,187.5,97.4,3.836,24.6,61.1,188.8,57.6,79.52,1.0,0,0.5,1,1
BATCH-01094,61.86,3.02,57.3,122,45.4,6.73,226.5,97.851,3.088,27.3,59.2,182.5,63.1,93.91,1.1,1,8.0,1,0
BATCH-01095,53.29,2.462,34.7,138,71.4,7.76,209.1,97.058,1.773,41.4,62.4,190.5,85.7,93.91,7.3,0,1.5,0,0
BATCH-01096,67.37,2.835,51.0,91,56.5,7.2,253.8,99.03,2.525,34.6,48.2,167.1,86.1,85.97,2.7,0,1.8,0,0
BATCH-01097,67.09,1.964,39.1,122,56.6,6.98,175.9,99.379,4.482,21.0,67.9,149.3,101.9,86.85,2.6,2,2.4,1,0
BATCH-01098,65.04,1.723,43.7,126,49.4,6.56,228.4,97.882,1.506,25.2,42.8,190.4,80.1,77.01,17.0,0,7.6,0,0
BATCH-01099,63.12,2.909,45.7,102,46.7,6.45,206.5,98.346,2.923,33.0,60.0,133.0,53.6,74.18,3.0,0,0.5,0,0
BATCH-01100,53.68,2.688,30.0,105,21.0,7.64,134.6,94.758,2.242,22.7,41.6,128.2,76.4,81.99,13.1,2,0.5,1,0
BATCH-01101,61.63,2.049,37.2,126,38.2,6.92,163.3,97.368,3.066,24.2,49.5,135.0,59.2,84.3,1.8,1,4.6,0,0
BATCH-01102,62.26,2.065,58.5,92,40.2,5.54,194.0,99.507,3.514,40.8,65.9,163.1,61.9,93.5,2.6,1,13.3,0,0
BATCH-01103,58.58,3.063,53.9,129,26.3,6.4,244.5,97.365,2.191,25.1,60.8,130.9,88.7,92.38,2.5,1,4.1,1,1
BATCH-01104,63.71,1.905,44.4,98,33.4,6.29,218.5,96.894,3.395,37.6,51.2,146.1,82.9,86.48,3.9,1,1.2,1,0
BATCH-01105,68.23,3.321,47.4,147,25.2,6.47,153.3,101.417,4.277,40.0,51.4,110.0,88.8,94.52,4.4,1,2.9,0,0
BATCH-01106,80.09,2.05,42.1,178,44.6,7.14,194.4,100.729,2.553,24.1,55.7,162.0,74.6,77.45,1.4,0,14.8,0,1
BATCH-01107,66.4,2.819,58.6,98,53.2,6.74,280.7,98.701,3.128,22.9,58.6,112.1,91.9,93.62,7.9,0,3.0,0,0
BATCH-01108,67.06,2.336,43.0,133,56.1,6.75,204.4,99.708,2.028,27.8,63.8,126.7,73.8,78.68,3.4,0,1.9,1,0
BATCH-01109,64.4,2.802,47.3,102,49.1,7.59,186.9,94.661,2.515,21.3,51.8,180.4,96.8,94.92,0.5,0,1.9,1,1
BATCH-01110,49.65,2.228,56.5,146,35.4,6.38,219.7,96.819,2.359,31.0,43.7,179.5,85.2,84.89,4.5,0,13.6,0,0
BATCH-01111,64.79,2.419,37.2,88,25.7,7.92,230.5,97.295,3.138,28.4,56.1,159.4,76.9,69.01,8.0,1,5.1,1,0
BATCH-01112,65.48,2.52,60.6,132,27.4,6.4,181.8,97.646,3.464,32.9,51.8,156.9,83.2,90.84,1.4,0,4.6,0,0
BATCH-01113,84.71,1.999,29.7,98,32.3,6.85,220.1,97.265,2.412,41.2,45.9,136.7,79.7,91.48,0.5,0,1.1,1,1
BATCH-01114,63.46,2.87,61.3,115,36.1,6.63,186.8,94.175,3.727,36.5,57.1,130.7,103.9,81.35,8.2,1,3.3,0,0
BATCH-01115,67.41,2.243,41.3,94,43.4,6.87,228.8,98.579,3.724,33.9,53.5,140.9,83.7,82.03,18.7,1,1.8,1,1
BATCH-01116,64.72,2.386,42.6,141,34.9,7.07,206.8,98.815,3.177,14.3,57.1,112.2,80.0,83.72,0.5,2,1.1,1,0
BATCH-01117,55.65,2.003,26.1,99,48.4,7.06,219.3,100.403,2.087,33.5,48.7,156.3,76.4,69.6,13.9,1,9.0,1,0
BATCH-01118,74.14,1.219,40.5,134,42.7,6.35,169.6,96.818,2.011,43.8,58.4,151.2,92.6,66.08,2.2,2,1.9,1,0
BATCH-01119,71.02,2.404,34.6,111,45.1,6.13,167.1,96.695,1.85,10.0,45.8,126.7,90.6,95.41,14.2,1,1.3,1,0
BATCH-01120,71.33,3.706,38.9,117,56.4,8.3,237.8,93.98,3.259,35.5,49.2,189.2,75.9,78.41,5.2,1,10.7,1,1
BATCH-01121,57.72,2.892,43.6,124,33.2,6.51,196.8,97.56,1.531,28.7,53.3,165.2,62.7,99.84,11.0,2,0.9,1,0
BATCH-01122,76.22,2.49,54.6,101,49.2,7.22,211.4,99.352,3.041,23.2,67.2,167.3,66.5,95.96,7.7,2,5.5,1,0
BATCH-01123,53.79,2.369,47.1,125,44.9,5.84,187.7,97.082,1.635,36.4,60.5,137.8,77.2,97.54,0.5,1,4.2,1,0
BATCH-01124,69.69,2.511,48.1,158,41.7,6.63,235.9,101.215,3.159,43.7,62.5,150.0,100.2,79.8,0.5,1,10.1,0,1
BATCH-01125,82.52,2.774,34.0,101,53.9,6.72,175.7,97.615,2.514,36.2,64.9,165.7,76.2,72.13,3.7,0,7.1,0,0
BATCH-01126,57.08,1.91,36.2,149,53.8,7.08,194.6,98.22,3.567,27.0,80.0,153.8,71.1,76.3,0.7,2,4.9,0,0
BATCH-01127,60.47,3.057,63.0,157,35.5,5.17,231.4,95.955,3.413,22.5,55.3,190.0,53.6,81.43,3.1,1,1.5,0,0
BATCH-01128,65.8,2.858,37.6,100,43.2,6.9,246.9,98.431,3.648,31.2,64.9,144.9,102.7,66.01,15.5,2,2.7,1,1
BATCH-01129,60.97,2.859,61.6,84,47.8,6.11,179.0,95.031,3.669,37.0,62.1,137.4,88.5,81.2,1.7,0,11.6,0,0
BATCH-01130,52.59,2.719,42.6,128,42.3,6.99,278.4,99.041,2.615,26.9,62.0,165.9,91.9,83.39,3.4,0,0.5,0,0
BATCH-01131,65.55,2.51,45.0,106,50.9,6.18,212.5,99.087,1.573,27.7,67.4,118.4,94.4,74.64,2.4,0,6.3,0,0
BATCH-01132,56.5,2.836,55.7,167,47.8,6.29,158.3,100.039,1.658,52.6,52.1,173.1,77.5,76.68,5.0,2,1.2,0,0
BATCH-01133,68.79,2.796,57.7,121,63.3,6.64,214.8,96.47,0.831,38.6,51.5,117.5,81.3,83.24,1.1,2,0.8,0,0
BATCH-01134,57.64,2.323,43.9,100,29.7,6.17,184.7,98.241,1.633,39.2,57.2,166.0,102.3,87.85,1.5,0,1.1,1,1
BATCH-01135,77.4,2.213,41.1,91,43.8,6.51,217.4,98.846,2.555,18.3,53.7,133.8,82.7,77.87,9.8,1,0.5,1,0
BATCH-01136,58.73,2.551,44.4,147,35.9,6.08,198.3,98.663,2.052,24.3,57.2,161.9,88.8,87.34,8.3,0,15.0,0,0
BATCH-01137,62.42,3.275,48.4,106,51.0,5.7,203.0,96.702,2.356,30.6,65.9,172.7,93.1,86.09,7.8,0,8.2,0,0
BATCH-01138,71.51,1.88,53.9,121,28.8,7.41,163.5,94.412,2.894,22.0,51.7,153.8,89.6,85.38,7.4,0,2.9,1,0
BATCH-01139,55.15,1.766,45.0,144,48.5,6.02,239.6,98.52,2.257,42.8,52.9,120.0,78.1,79.78,3.1,1,5.0,1,0
BATCH-01140,66.82,2.582,51.2,108,38.7,6.69,153.8,97.771,1.603,41.3,56.2,127.6,79.5,74.33,6.5,2,3.3,0,0
BATCH-01141,75.46,2.525,61.4,119,37.7,7.25,155.6,97.15,2.457,25.7,53.4,131.8,91.7,98.57,2.4,0,6.7,0,0
BATCH-01142,52.14,2.587,48.8,120,30.5,6.43,214.7,99.146,1.781,44.3,41.6,102.6,91.6,90.04,0.5,1,7.5,0,0
BATCH-01143,66.48,2.622,48.1,137,40.3,6.3,264.1,97.933,2.283,30.0,50.9,178.2,97.5,93.05,2.5,1,1.1,0,1
BATCH-01144,67.08,2.388,29.8,135,55.8,6.94,185.9,96.021,3.574,50.7,59.8,152.8,88.3,84.33,0.9,0,2.5,0,0
BATCH-01145,71.25,3.245,18.7,114,44.7,7.47,228.0,95.103,2.284,31.2,65.1,121.6,88.9,83.69,2.5,2,4.0,1,0
BATCH-01146,55.1,1.7,48.9,122,51.3,6.1,242.9,96.307,3.917,34.6,46.9,186.4,73.3,88.93,1.8,2,15.0,1,0
BATCH-01147,54.44,2.086,44.1,111,61.6,6.71,232.6,101.59,3.645,41.2,46.9,132.5,71.3,70.32,4.6,0,4.6,0,0
BATCH-01148,69.18,2.448,39.9,83,47.6,5.76,187.6,99.084,2.037,40.2,55.2,156.3,91.7,76.08,2.2,1,9.1,1,0
BATCH-01149,67.38,1.678,47.4,126,39.4,6.56,156.4,98.283,1.611,34.1,40.5,129.4,71.4,78.62,6.1,0,7.5,1,0
BATCH-01150,67.0,2.412,44.4,167,49.7,6.82,111.7,97.728,2.458,28.9,51.9,99.5,79.7,81.36,3.6,1,3.5,1,0
BATCH-01151,67.77,3.331,56.3,98,39.6,6.29,189.5,97.629,3.423,34.1,42.8,115.9,100.7,77.96,12.6,1,9.0,1,0
BATCH-01152,59.56,2.51,45.9,101,40.0,6.53,247.1,99.751,2.108,23.5,64.6,138.8,98.3,87.66,0.5,0,1.9,1,0
BATCH-01153,66.86,2.615,37.5,98,29.8,5.96,155.0,97.264,3.226,31.2,49.6,172.5,84.5,85.65,5.8,2,1.9,0,0
BATCH-01154,67.34,1.87,54.9,138,54.3,6.85,228.0,98.865,3.467,21.1,66.6,158.7,75.6,96.14,5.6,1,6.1,0,0
BATCH-01155,59.29,2.192,42.8,131,41.1,7.43,162.0,97.477,1.881,15.8,62.8,153.5,78.1,100.0,15.0,2,0.6,1,0
BATCH-01156,79.93,2.312,50.3,116,46.8,6.14,204.2,100.91,1.959,30.4,50.5,99.7,93.0,74.9,2.3,0,1.5,0,0
BATCH-01157,68.79,2.341,40.2,97,34.6,6.43,228.3,99.113,3.07,40.1,47.5,181.8,79.5,86.18,1.8,2,3.8,1,0
BATCH-01158,55.47,3.141,38.5,122,49.4,7.1,173.6,99.868,2.621,37.4,53.6,155.6,71.6,86.16,0.9,1,2.2,1,0
BATCH-01159,70.25,2.779,45.8,81,37.4,7.53,206.8,97.123,1.951,29.3,54.3,147.0,98.2,84.89,1.5,0,11.3,0,0
BATCH-01160,57.2,1.944,45.1,124,43.6,5.9,183.4,99.587,2.218,44.0,57.4,178.3,82.7,76.32,3.5,0,12.7,0,0
BATCH-01161,71.3,2.623,49.8,142,53.8,6.7,228.2,97.531,2.444,25.4,49.6,181.2,71.3,77.66,9.1,2,2.8,0,0
BATCH-01162,74.27,2.749,42.3,89,52.9,6.97,209.4,98.165,1.248,14.7,60.2,178.9,87.2,86.92,1.7,1,3.1,0,0
BATCH-01163,58.43,3.07,26.6,82,44.8,6.74,202.3,100.453,3.113,12.5,56.9,143.8,94.6,77.44,0.9,0,5.2,0,0
BATCH-01164,72.71,3.29,40.7,159,27.3,5.31,262.3,96.436,2.117,20.6,52.6,124.9,64.9,86.27,1.6,2,2.4,0,1
BATCH-01165,68.3,1.992,52.9,105,74.9,7.1,226.5,98.305,0.5,36.5,50.0,174.7,77.0,83.03,0.5,0,0.8,0,0
BATCH-01166,71.58,2.095,42.0,148,62.5,7.71,172.4,98.657,2.481,24.9,53.7,115.9,76.3,86.13,13.1,0,5.5,0,0
BATCH-01167,80.17,1.871,42.5,116,52.2,6.87,196.6,98.78,1.907,33.7,49.3,198.7,86.8,77.37,10.3,1,5.4,0,0
BATCH-01168,63.04,2.383,54.9,116,37.5,6.18,197.0,97.324,3.851,43.2,55.4,150.7,89.5,86.26,1.8,1,1.1,1,0
BATCH-01169,58.97,2.733,37.9,131,43.9,6.49,203.2,101.129,2.032,21.2,55.6,123.5,71.7,77.95,1.4,0,7.2,1,0
BATCH-01170,57.88,2.994,29.6,98,39.6,7.86,301.0,96.058,1.622,33.8,56.8,119.2,57.6,86.29,11.8,1,3.8,0,0
BATCH-01171,58.47,2.462,43.4,123,57.6,7.35,214.8,100.188,2.906,34.3,67.4,118.1,95.5,95.72,0.5,1,1.1,0,0
BATCH-01172,64.38,2.34,40.2,110,47.6,7.18,118.6,99.823,1.972,23.1,54.1,153.5,63.2,87.09,4.6,1,4.2,1,0
BATCH-01173,67.73,2.576,35.3,87,37.2,7.01,178.3,100.851,1.876,40.8,62.0,149.8,84.1,87.57,12.4,1,1.1,0,0
BATCH-01174,67.21,2.082,43.2,128,40.3,6.4,122.7,95.618,2.908,27.7,56.6,119.1,78.0,91.54,3.6,0,1.2,0,0
BATCH-01175,71.62,3.545,49.9,113,56.2,6.68,186.8,96.697,1.668,26.9,53.3,141.1,82.4,73.77,0.5,2,7.5,0,0
BATCH-01176,65.1,1.696,44.9,116,61.0,6.75,120.5,100.238,1.334,46.9,54.2,115.8,104.8,98.75,1.2,0,10.6,0,0
BATCH-01177,76.63,2.592,48.1,90,60.3,7.13,165.1,95.184,3.881,34.2,54.6,164.7,125.6,76.56,12.8,2,1.2,0,0
BATCH-01178,62.88,3.512,63.1,160,52.6,7.71,139.2,95.59,2.964,37.4,57.0,148.6,55.5,92.04,0.5,0,10.5,0,0
BATCH-01179,86.76,2.503,41.6,142,42.5,7.47,215.4,97.268,2.289,40.8,48.3,140.5,94.8,90.98,2.5,0,1.1,0,0
BATCH-01180,70.01,2.405,47.8,144,20.0,5.95,200.0,98.288,2.497,24.8,44.7,117.8,77.7,77.78,7.8,0,0.5,0,0
BATCH-01181,58.14,2.321,39.9,112,48.0,6.93,212.1,100.388,2.905,40.0,59.6,142.5,95.7,93.07,9.1,1,0.5,0,0
BATCH-01182,56.43,2.41,36.5,77,45.0,7.24,195.8,97.722,3.279,26.0,61.3,139.6,94.4,88.98,3.2,0,1.1,1,0
BATCH-01183,68.86,3.186,39.2,169,46.4,7.17,144.2,97.088,1.895,25.6,60.2,157.9,101.1,100.0,1.3,1,1.9,0,0
BATCH-01184,63.21,1.394,40.2,118,45.5,6.42,220.5,98.467,2.793,27.8,56.1,154.2,84.3,86.55,4.6,2,10.5,0,0
BATCH-01185,70.71,3.267,48.6,101,31.7,8.55,276.9,98.704,2.095,25.0,60.4,169.8,66.7,84.13,1.5,0,1.1,1,0
BATCH-01186,68.79,1.788,68.5,130,50.6,6.03,216.4,98.662,2.349,36.6,60.0,137.9,93.9,80.88,1.5,0,1.8,0,0
BATCH-01187,64.42,2.367,37.8,149,51.3,6.15,183.0,97.733,2.629,32.1,60.5,103.5,81.8,71.05,8.2,2,5.3,0,1
BATCH-01188,58.23,2.285,40.8,119,51.8,6.94,142.9,95.067,2.495,26.1,49.0,174.8,76.5,82.45,0.8,0,1.4,0,1
BATCH-01189,52.88,2.794,44.4,152,54.5,8.07,163.7,96.624,3.088,35.4,47.3,126.6,72.9,82.79,0.5,0,4.6,1,0
BATCH-01190,61.43,1.701,49.0,147,51.0,6.3,218.1,100.13,2.89,27.8,52.3,122.3,95.1,87.1,2.1,0,2.3,1,0
BATCH-01191,71.85,2.731,47.6,93,40.9,6.64,242.9,98.281,1.293,27.4,54.9,148.9,104.1,73.62,3.4,0,0.9,0,0
BATCH-01192,66.71,3.512,57.8,103,44.3,7.45,210.4,97.516,1.414,30.4,53.3,157.6,62.1,83.09,6.1,0,5.3,0,0
BATCH-01193,55.03,1.818,20.7,144,45.9,6.79,232.0,99.677,2.204,33.7,41.9,136.7,89.3,89.61,7.6,1,0.5,0,0
BATCH-01194,66.39,2.595,21.1,52,46.1,6.6,228.3,96.305,3.963,33.1,67.1,136.5,74.4,90.4,5.4,0,1.4,1,0
BATCH-01195,68.08,2.169,40.0,116,55.0,7.14,220.3,97.662,1.819,27.1,53.1,140.2,58.0,70.12,4.9,1,1.8,1,1
BATCH-01196,57.93,2.713,56.0,84,51.4,6.96,173.7,98.207,2.333,36.8,56.2,185.4,82.2,90.65,5.5,0,2.5,0,0
BATCH-01197,66.23,2.51,29.3,108,65.8,7.42,207.0,97.338,2.071,28.2,63.7,149.9,67.5,83.03,1.6,1,4.6,0,0
BATCH-01198,65.47,2.179,15.0,113,67.1,7.57,166.1,98.151,2.057,24.8,38.6,125.8,56.3,83.52,2.4,0,2.5,0,1
BATCH-01199,55.86,2.744,50.7,111,45.8,6.98,200.7,97.718,2.643,18.3,51.4,126.1,68.3,66.08,4.8,2,3.6,0,1
BATCH-01200,67.86,3.402,47.4,106,20.0,6.98,213.2,95.901,3.621,37.9,52.3,143.7,64.6,96.95,0.5,1,3.6,1,0
BATCH-01201,69.49,2.405,34.1,93,57.4,6.93,267.2,98.272,2.865,30.1,52.6,155.9,70.3,86.41,1.8,0,1.9,0,0
BATCH-01202,73.66,2.86,35.1,177,39.6,7.09,147.6,96.007,1.857,31.7,53.8,162.1,60.1,72.75,2.6,0,10.9,0,1
BATCH-01203,73.43,1.853,35.3,167,37.0,6.83,219.3,98.248,4.703,38.4,65.1,153.1,74.1,88.0,3.8,0,12.5,1,1
BATCH-01204,53.98,2.022,46.1,91,41.0,6.8,259.2,100.061,2.563,26.2,59.7,129.0,69.3,87.76,3.3,0,3.5,0,0
BATCH-01205,57.5,2.736,38.7,160,40.5,7.52,230.4,97.578,2.038,19.0,61.7,139.4,85.6,94.78,6.3,1,0.5,1,1
BATCH-01206,69.12,3.242,49.9,110,51.1,7.71,233.3,96.243,3.63,30.6,55.3,168.3,88.9,82.52,3.2,0,2.7,0,0
BATCH-01207,69.11,2.678,16.5,123,29.4,5.9,223.5,97.81,2.125,32.5,45.2,121.3,83.9,85.1,11.7,2,0.8,0,0
BATCH-01208,69.12,2.343,36.4,118,34.2,6.81,251.9,96.752,3.83,27.9,40.4,138.4,76.5,79.86,2.4,0,2.6,1,0
BATCH-01209,95.0,2.5,33.7,104,48.4,6.39,156.5,98.892,1.803,41.8,44.3,164.9,76.1,89.78,3.7,1,0.8,1,0
BATCH-01210,69.57,1.875,42.4,145,51.2,6.61,144.6,97.778,3.644,10.1,57.5,171.9,67.4,78.73,0.5,0,4.9,0,0
BATCH-01211,74.08,2.802,39.6,123,51.4,7.04,199.7,100.565,2.661,39.0,55.2,145.2,67.8,77.86,1.9,0,0.5,1,0
BATCH-01212,72.63,2.941,53.0,108,37.1,7.2,113.6,99.744,3.533,36.3,53.5,139.7,90.6,84.46,10.1,2,12.3,1,0
BATCH-01213,70.21,2.274,26.4,87,35.2,6.73,249.2,97.77,4.021,33.7,52.4,116.9,53.6,75.19,2.0,2,0.9,1,0
BATCH-01214,62.48,2.265,45.5,98,39.9,5.65,248.8,99.073,1.594,10.0,69.1,163.1,78.8,97.82,1.5,1,4.3,1,0
BATCH-01215,71.07,2.633,50.6,79,47.4,6.22,182.7,97.41,3.521,40.3,49.2,183.0,75.1,100.0,3.9,1,10.0,0,0
BATCH-01216,58.82,2.282,63.6,120,59.9,7.34,185.2,98.051,1.373,21.8,61.5,214.1,89.0,81.37,0.5,2,1.1,0,1
BATCH-01217,63.11,2.467,40.2,90,24.5,5.16,197.1,97.458,1.662,25.9,55.0,159.7,58.6,73.91,3.8,1,10.9,1,1
BATCH-01218,61.12,3.55,48.2,113,42.8,7.51,202.1,99.15,1.857,28.6,54.6,148.7,80.2,87.69,1.8,0,2.0,0,0
BATCH-01219,65.65,2.376,27.0,154,31.7,7.11,205.1,100.149,2.903,33.3,63.2,127.0,85.1,81.14,2.4,0,12.9,1,0
BATCH-01220,83.52,2.321,21.1,150,28.5,7.59,222.3,99.198,2.526,35.1,65.2,103.0,51.4,94.4,7.8,1,14.2,0,1
BATCH-01221,50.06,2.176,53.4,119,54.7,6.68,193.1,99.383,2.366,37.1,53.3,154.4,63.9,78.7,5.4,1,0.8,1,0
BATCH-01222,70.49,2.872,44.9,118,50.4,5.56,237.7,99.385,2.617,36.5,60.6,208.8,78.6,89.36,3.0,1,7.1,0,0
BATCH-01223,52.1,2.409,56.8,167,49.5,7.06,217.8,98.827,2.973,32.0,57.5,181.8,87.7,85.91,4.3,0,0.9,0,0
BATCH-01224,61.22,2.175,31.3,133,54.2,7.56,175.7,96.291,3.035,33.3,55.1,177.9,82.7,79.59,7.3,2,1.0,1,0
BATCH-01225,73.71,3.161,50.2,112,40.2,7.35,253.4,100.551,3.375,21.3,56.4,156.1,88.4,86.92,6.8,1,0.5,1,0
BATCH-01226,65.51,3.21,63.7,84,40.7,6.4,145.7,100.707,3.956,24.0,50.2,159.0,63.8,92.03,1.0,1,0.7,0,0
BATCH-01227,56.38,2.2,49.2,130,66.9,6.85,196.3,97.649,2.483,37.2,52.9,89.4,56.2,85.69,1.8,0,4.0,0,0
BATCH-01228,59.28,1.567,47.8,141,42.5,6.48,238.7,97.444,2.083,36.7,50.9,169.1,81.3,85.78,2.1,2,2.4,1,0
BATCH-01229,70.44,3.004,45.1,104,52.4,6.31,171.1,98.919,2.991,35.8,61.3,135.5,61.6,78.02,1.0,1,6.3,1,0
BATCH-01230,59.16,2.158,29.3,127,45.1,7.37,212.4,98.826,1.585,25.9,54.3,132.5,67.0,94.15,0.5,1,1.6,0,0
BATCH-01231,66.73,2.895,58.6,111,26.5,6.08,221.7,97.697,1.957,37.3,45.9,141.9,94.0,93.36,1.0,2,13.8,0,0
BATCH-01232,65.36,1.515,38.9,115,24.6,6.26,165.6,96.125,3.3,20.7,49.9,141.1,82.8,81.72,8.3,2,0.5,0,1
BATCH-01233,59.79,2.946,50.0,58,39.2,6.14,197.1,98.459,2.401,38.6,35.0,132.1,71.5,84.01,3.9,0,0.5,1,0
BATCH-01234,82.15,1.894,29.4,114,55.6,5.91,193.7,98.827,1.533,27.9,51.5,150.3,69.5,96.31,2.1,2,4.8,0,1
BATCH-01235,70.07,2.865,33.2,144,52.9,6.89,177.9,99.089,1.308,43.5,55.3,136.0,89.3,75.93,4.7,1,8.7,0,0
BATCH-01236,48.8,2.507,59.4,104,54.1,7.5,292.1,98.524,2.539,17.8,54.0,152.5,83.2,89.83,6.7,0,6.3,0,1
BATCH-01237,66.49,2.023,41.5,121,35.1,6.69,169.5,97.593,3.414,44.1,68.9,112.8,61.8,80.53,2.2,0,2.7,1,0
BATCH-01238,59.71,2.296,59.5,101,61.2,5.9,240.2,99.491,3.403,27.1,59.0,144.6,50.8,99.22,3.1,0,1.3,1,0
BATCH-01239,71.82,2.843,44.2,129,35.4,7.3,184.3,98.099,2.589,27.0,58.7,122.6,108.2,85.51,0.5,1,0.5,0,0
BATCH-01240,58.66,2.553,26.6,115,47.1,7.81,156.5,97.303,4.107,31.6,43.5,134.0,61.7,95.08,4.5,1,2.8,0,0
BATCH-01241,64.08,2.792,53.9,97,44.9,6.41,204.1,97.729,2.416,24.4,52.4,153.6,87.9,78.91,2.2,0,2.6,0,0
BATCH-01242,69.04,3.488,39.1,153,43.3,6.51,226.0,95.381,2.389,29.4,51.6,109.9,102.7,75.01,2.8,2,1.7,0,0
BATCH-01243,71.93,1.718,52.0,143,58.4,7.11,236.8,97.727,0.5,24.1,49.5,129.4,82.2,83.13,2.7,2,3.5,0,0
BATCH-01244,55.4,3.309,45.3,105,37.9,7.77,262.5,99.033,2.142,24.4,49.4,164.2,71.0,87.1,5.0,1,5.2,1,0
BATCH-01245,62.32,2.552,29.6,132,31.5,6.49,317.8,98.51,3.182,33.9,42.3,114.7,58.6,80.91,4.2,2,4.8,1,0
BATCH-01246,61.2,2.051,46.6,133,45.2,6.0,210.0,100.281,3.751,22.8,46.1,194.4,58.4,91.07,2.7,2,1.2,1,0
BATCH-01247,59.77,1.835,67.0,136,41.0,7.18,173.5,97.606,1.836,23.9,61.1,180.1,85.7,83.32,0.5,0,3.5,0,0
BATCH-01248,79.12,2.405,49.9,78,78.8,7.28,218.1,98.731,2.87,19.0,54.0,137.6,101.8,68.35,4.9,1,0.6,0,1
BATCH-01249,68.24,2.961,44.4,145,51.8,6.8,189.4,99.189,3.338,26.0,51.5,130.3,74.1,89.42,10.6,2,0.5,1,0
BATCH-01250,54.91,2.436,55.8,106,40.9,6.47,237.0,101.514,2.509,40.5,55.0,155.0,71.7,77.94,7.3,0,6.2,0,0
BATCH-01251,72.34,3.256,47.1,111,34.4,7.4,148.1,98.217,0.673,23.2,63.2,113.8,90.5,82.11,20.0,2,4.7,0,0
BATCH-01252,81.98,1.774,47.1,186,26.2,7.12,294.7,96.434,2.698,24.1,55.0,99.9,69.7,97.43,0.7,0,5.8,0,1
BATCH-01253,73.26,2.494,34.1,128,34.7,6.34,234.2,99.272,3.109,31.6,58.8,138.5,84.1,99.18,1.3,1,0.7,1,0
BATCH-01254,52.85,1.874,47.3,110,46.1,6.83,132.6,100.799,1.742,27.0,49.1,146.6,80.6,80.4,3.9,1,9.8,1,0
BATCH-01255,61.13,2.682,55.4,65,59.3,5.99,171.6,97.516,2.297,47.8,50.7,152.4,73.9,89.62,1.3,1,0.6,0,0
BATCH-01256,75.14,2.943,36.6,155,56.2,7.21,232.6,99.262,1.576,28.7,57.5,134.6,79.8,80.58,0.5,1,8.2,0,0
BATCH-01257,59.34,2.29,59.2,86,47.3,6.64,247.1,99.843,0.5,32.7,68.2,181.8,106.4,82.71,2.6,1,1.7,1,1
BATCH-01258,68.55,1.198,44.1,95,41.8,6.54,149.1,99.526,3.322,37.6,65.0,112.6,89.1,80.15,1.7,1,0.5,1,0
BATCH-01259,71.2,2.599,36.1,112,47.7,6.78,228.5,98.188,2.497,37.4,59.1,121.5,96.4,71.21,1.5,1,1.4,1,0
BATCH-01260,57.58,2.718,55.0,155,39.8,6.82,122.1,96.952,3.778,31.9,56.1,162.2,66.2,85.76,15.3,0,0.8,0,0
BATCH-01261,64.52,2.702,42.1,139,62.2,7.34,196.4,97.878,3.186,28.7,64.8,121.0,96.4,87.31,1.4,1,2.7,0,0
BATCH-01262,40.0,3.118,52.6,116,43.1,7.15,244.5,98.688,2.217,46.2,60.6,120.0,89.6,79.63,0.7,2,12.0,1,1
BATCH-01263,56.8,1.964,42.1,128,44.1,6.71,177.9,99.362,2.433,29.2,38.9,153.1,57.5,93.7,0.7,0,1.6,1,0
BATCH-01264,62.98,2.84,44.4,105,22.8,7.26,139.7,98.501,2.953,26.5,47.6,123.7,88.1,81.51,8.2,1,3.8,0,0
BATCH-01265,55.02,3.096,49.9,123,43.0,7.04,205.8,97.43,3.274,24.8,57.4,146.7,72.3,79.9,6.3,0,8.9,0,0
BATCH-01266,78.06,1.611,47.9,122,53.4,6.54,175.8,98.833,2.758,16.2,42.5,132.5,56.8,89.21,0.7,1,4.0,0,0
BATCH-01267,53.56,2.66,25.0,144,34.3,6.73,225.2,99.29,3.384,36.6,48.7,128.5,81.9,72.66,1.2,0,1.8,0,0
BATCH-01268,61.48,2.248,33.8,144,37.5,6.71,164.6,98.569,2.263,11.2,50.1,97.4,88.1,92.25,6.9,0,15.0,0,1
BATCH-01269,66.05,2.459,54.3,132,52.9,7.1,169.1,96.746,1.702,30.0,53.2,153.5,82.3,81.78,1.6,0,0.8,1,0
BATCH-01270,76.53,2.674,43.7,111,30.2,6.58,119.2,97.728,2.448,28.4,53.0,118.8,78.4,92.91,20.0,0,3.0,0,0
BATCH-01271,53.51,2.256,39.8,139,55.6,6.57,206.8,99.422,2.664,47.9,53.0,145.8,75.0,95.31,3.9,0,6.4,0,0
BATCH-01272,74.31,2.162,31.4,118,39.7,7.98,193.6,95.925,1.539,15.3,60.8,137.2,117.0,90.12,1.1,0,0.5,0,0
BATCH-01273,65.08,2.517,34.2,93,41.1,7.36,152.5,94.86,1.431,22.8,53.1,144.8,62.3,78.5,9.8,0,4.8,1,0
BATCH-01274,57.15,1.956,24.8,110,33.8,6.34,207.8,100.262,2.858,28.9,52.3,146.3,93.1,74.99,1.9,0,1.2,1,0
BATCH-01275,68.7,1.957,44.0,122,48.8,7.14,241.1,98.767,2.175,28.4,45.6,154.8,80.2,73.53,1.7,2,0.7,0,1
BATCH-01276,66.59,2.84,39.0,143,69.6,6.87,191.4,98.91,2.367,25.6,62.2,131.8,67.2,93.82,2.0,0,1.3,0,0
BATCH-01277,60.2,1.926,35.3,115,52.8,7.03,210.7,96.385,2.212,29.4,50.3,181.1,79.3,83.92,7.3,2,13.6,0,0
BATCH-01278,65.56,2.833,44.3,90,36.4,6.88,210.9,99.106,3.716,19.9,47.4,103.8,59.1,80.21,1.0,1,8.9,0,0
BATCH-01279,61.92,2.731,48.6,121,56.4,7.51,151.8,98.413,3.509,32.9,56.5,144.3,71.1,83.94,2.4,0,1.0,0,0
BATCH-01280,65.91,1.637,65.9,123,41.8,7.01,282.3,95.624,1.51,11.4,49.6,170.9,79.3,93.64,0.5,0,0.5,1,0
BATCH-01281,70.3,2.161,29.9,125,58.7,6.76,181.2,100.136,2.074,29.8,51.3,161.9,56.7,91.23,8.8,2,1.8,0,0
BATCH-01282,77.69,3.097,56.6,143,53.1,7.43,226.2,98.238,3.18,25.2,56.8,125.6,87.6,88.51,2.1,1,3.6,1,0
BATCH-01283,55.1,2.009,54.7,145,20.0,6.94,230.8,97.406,2.982,38.1,52.7,129.8,65.5,90.1,1.4,0,8.1,0,1
BATCH-01284,82.06,2.268,37.2,105,35.0,6.87,194.4,97.433,2.467,44.0,71.2,124.8,58.2,86.44,4.3,0,13.5,0,1
BATCH-01285,49.38,2.731,47.0,105,54.4,6.99,224.3,94.977,1.59,27.4,54.5,165.0,63.8,87.42,6.1,0,5.6,0,1
BATCH-01286,63.79,2.892,40.4,94,46.5,6.74,209.8,98.89,1.954,41.1,59.3,131.5,112.6,86.77,8.4,2,3.7,0,0
BATCH-01287,69.71,2.374,46.9,137,34.8,6.81,143.3,98.393,2.087,27.5,41.4,156.4,50.3,85.0,2.1,2,0.6,0,0
BATCH-01288,67.25,2.201,60.1,156,38.7,6.45,186.7,97.709,2.722,22.3,49.0,156.6,86.5,91.03,8.4,0,0.5,1,0
BATCH-01289,60.02,3.211,51.1,112,25.9,6.35,175.5,99.918,3.863,44.0,47.4,209.2,68.7,87.89,3.1,0,3.6,0,0
BATCH-01290,63.34,3.369,50.1,114,44.1,6.2,181.5,95.924,1.95,34.2,48.3,157.8,74.7,77.95,0.5,0,3.1,0,0
BATCH-01291,61.06,2.989,40.7,157,67.1,5.96,147.8,97.105,1.679,30.0,57.9,129.7,89.1,89.23,9.4,2,7.5,1,0
BATCH-01292,60.29,2.543,30.2,133,53.0,6.27,245.1,96.725,2.413,35.5,62.2,113.5,88.3,86.98,4.0,1,1.6,1,0
BATCH-01293,71.8,2.096,42.9,131,66.9,6.7,264.1,97.582,3.325,32.2,57.4,143.1,69.8,89.89,4.6,2,0.5,1,0
BATCH-01294,67.86,2.085,57.1,90,53.8,6.86,239.1,98.101,1.342,29.4,53.4,147.0,59.6,84.17,13.9,0,2.2,1,0
BATCH-01295,59.46,2.761,29.7,137,55.3,6.64,250.8,98.645,3.663,19.4,50.6,94.7,89.3,91.49,4.1,1,13.9,0,0
BATCH-01296,72.2,2.709,34.4,97,64.7,5.39,186.2,97.48,2.362,27.8,62.8,132.2,88.3,84.51,0.5,0,6.4,0,1
BATCH-01297,67.46,3.201,46.3,92,48.8,7.74,174.5,96.684,1.913,35.0,69.5,157.4,75.7,90.79,10.2,2,0.5,0,0
BATCH-01298,71.5,2.825,35.2,111,43.1,7.45,168.9,100.529,1.22,29.0,55.9,136.7,86.6,81.35,1.7,0,8.3,1,0
BATCH-01299,70.04,1.748,37.1,105,55.3,7.07,225.8,101.617,3.065,37.2,61.6,174.2,73.3,81.9,3.5,2,2.6,0,0
BATCH-01300,58.37,3.026,40.8,114,59.5,7.94,209.1,98.215,2.363,33.1,57.4,111.0,67.6,89.82,1.1,0,1.8,0,0
BATCH-01301,60.52,2.001,31.3,84,40.2,6.21,196.9,96.865,2.637,23.0,60.3,166.9,80.1,82.35,1.8,1,1.7,0,0
BATCH-01302,70.98,2.308,35.3,144,37.8,7.93,251.8,100.213,1.779,19.4,46.8,172.8,87.8,100.0,5.8,0,3.6,0,0
BATCH-01303,69.88,2.625,52.0,148,46.4,6.22,216.2,95.83,2.245,28.7,51.6,173.9,84.6,89.53,2.8,0,3.0,0,0
BATCH-01304,64.83,3.498,31.9,71,53.3,6.94,166.5,97.498,2.111,25.8,57.8,110.9,87.6,85.2,4.9,0,4.3,0,0
BATCH-01305,65.94,4.055,29.0,144,53.0,6.04,172.8,96.956,2.42,32.7,63.5,157.9,68.6,91.56,8.7,1,3.4,0,0
BATCH-01306,75.22,2.803,38.7,100,30.8,6.81,227.3,96.261,1.964,24.3,49.3,133.3,103.7,81.15,2.1,0,0.6,0,0
BATCH-01307,60.27,2.408,52.3,141,64.1,7.03,241.7,97.58,1.273,25.1,40.8,114.8,74.9,92.38,4.2,0,1.2,0,0
BATCH-01308,69.38,2.767,43.0,118,38.6,6.71,222.1,96.704,4.683,38.4,51.5,139.7,78.2,92.16,7.5,0,7.4,0,0
BATCH-01309,63.38,2.944,40.4,121,42.3,7.23,275.9,98.019,1.409,31.2,62.1,127.4,60.2,95.03,6.3,0,4.4,1,0
BATCH-01310,63.26,2.34,45.4,115,36.0,6.86,265.4,98.041,2.645,24.4,43.9,173.0,77.1,81.47,3.9,0,2.4,0,0
BATCH-01311,73.79,3.398,27.5,150,72.0,6.49,217.6,97.068,1.082,30.1,46.8,162.8,88.0,75.22,2.4,0,0.8,1,0
BATCH-01312,71.6,2.615,49.9,89,47.4,6.46,166.5,97.444,0.902,41.0,56.1,121.2,91.4,80.12,2.6,0,0.5,0,1
BATCH-01313,71.51,2.749,48.8,135,36.5,7.29,147.6,97.654,2.578,32.4,54.2,131.9,103.4,82.75,2.8,0,1.5,0,0
BATCH-01314,75.44,2.833,40.9,148,53.6,6.41,184.5,99.215,2.639,34.7,59.2,140.5,87.8,98.34,2.1,2,0.5,1,0
BATCH-01315,65.17,2.711,55.1,138,52.7,7.35,230.1,97.777,3.509,24.0,46.4,148.2,84.2,100.0,6.0,0,2.6,0,0
BATCH-01316,70.46,2.919,33.7,178,43.1,7.53,273.1,99.237,2.82,38.2,52.7,175.2,73.3,87.76,0.7,1,6.9,0,0
BATCH-01317,62.52,2.191,56.3,107,53.4,5.8,216.7,98.879,2.38,48.5,63.4,167.3,70.1,85.08,17.1,0,1.3,1,0
BATCH-01318,67.59,2.221,46.5,144,36.7,7.48,246.7,98.857,1.74,23.7,46.6,151.3,94.6,82.2,7.5,2,7.5,0,0
BATCH-01319,63.96,1.95,41.6,117,40.1,8.04,190.2,100.082,3.699,20.5,65.3,143.5,94.3,91.6,1.8,0,4.9,0,0
BATCH-01320,65.78,2.72,44.8,151,24.9,6.95,224.9,96.321,3.243,31.4,47.5,105.7,63.8,100.0,0.5,2,0.5,1,0
BATCH-01321,69.76,2.889,43.9,120,31.8,7.16,232.9,97.29,1.503,37.0,60.9,182.3,90.8,99.29,6.2,0,4.1,0,0
BATCH-01322,58.45,2.729,57.2,110,63.1,7.42,120.8,100.645,2.53,29.3,52.4,138.8,89.8,94.1,6.6,0,0.7,1,0
BATCH-01323,81.74,3.337,34.2,153,61.4,6.63,183.5,97.614,2.615,21.6,47.0,188.9,63.3,93.99,16.6,0,4.3,0,1
BATCH-01324,56.95,2.497,37.4,108,45.7,6.91,238.0,93.777,2.223,29.1,51.5,154.9,88.1,91.66,1.5,0,0.6,0,1
BATCH-01325,55.29,2.834,55.4,85,61.6,6.01,211.0,97.696,3.117,34.8,58.8,200.6,64.3,84.62,0.5,0,2.0,0,0
BATCH-01326,74.26,1.954,39.0,107,43.4,6.88,152.1,98.202,3.165,26.7,55.0,165.2,43.6,79.11,12.3,0,3.3,0,0
BATCH-01327,71.33,2.306,54.0,135,42.6,7.1,102.8,94.074,2.348,34.9,62.8,114.2,77.6,84.83,1.5,2,0.5,1,0
BATCH-01328,69.99,2.848,62.0,155,45.6,7.11,185.4,100.001,2.275,39.3,65.1,134.6,83.9,88.38,6.4,0,0.7,1,0
BATCH-01329,70.03,2.925,41.0,123,43.8,7.44,197.1,96.929,3.699,31.9,46.7,145.8,78.3,73.37,0.5,0,1.5,0,0
BATCH-01330,64.9,2.353,51.8,153,42.8,6.34,164.6,98.493,3.246,29.8,46.2,128.2,123.0,83.78,7.1,1,2.5,1,0
BATCH-01331,57.82,2.464,33.5,86,56.4,6.48,205.7,97.661,2.558,36.6,45.9,140.6,85.7,78.39,0.7,1,7.8,0,0
BATCH-01332,65.61,1.741,52.5,109,46.5,7.94,220.3,96.067,1.197,23.2,48.7,115.8,82.2,93.11,5.9,0,0.8,0,0
BATCH-01333,59.58,2.321,47.0,113,52.1,6.71,226.8,96.394,2.775,22.4,62.7,150.1,86.4,80.6,3.8,1,1.7,1,0
BATCH-01334,72.8,2.945,49.7,117,55.3,6.92,105.8,96.597,3.058,27.9,58.9,155.9,73.4,87.63,15.6,0,2.6,0,0
BATCH-01335,63.82,2.788,38.5,122,48.9,6.76,147.4,99.629,0.5,26.1,51.2,124.9,93.9,79.4,0.5,0,1.4,0,0
BATCH-01336,58.4,2.75,28.4,137,35.3,6.31,187.8,97.779,2.701,23.6,54.9,198.5,85.4,97.78,1.7,0,3.9,0,0
BATCH-01337,62.43,2.525,50.0,109,31.5,7.77,222.9,97.217,2.167,44.6,64.8,151.6,84.7,71.39,0.5,0,1.2,0,0
BATCH-01338,68.3,2.504,24.4,123,46.5,6.48,219.6,96.598,2.323,47.4,68.4,129.6,70.6,88.81,10.6,0,5.9,0,0
BATCH-01339,60.49,2.17,41.8,119,43.3,6.12,218.9,99.794,1.774,27.2,56.8,109.3,56.5,74.78,4.5,0,2.8,1,0
BATCH-01340,58.42,2.849,54.4,97,45.9,6.53,184.7,100.196,2.381,30.7,36.4,151.5,72.5,80.93,3.8,0,0.5,1,0
BATCH-01341,66.95,2.71,46.9,117,44.8,5.6,186.9,99.777,3.614,28.5,57.1,143.5,84.2,86.65,0.7,1,3.9,0,0
BATCH-01342,66.96,2.746,64.5,116,70.8,6.41,170.9,98.739,2.143,38.9,61.5,169.6,73.3,87.04,3.4,1,3.4,0,0
BATCH-01343,60.94,2.237,55.3,116,31.7,6.22,230.7,98.435,3.272,40.4,56.6,146.4,84.4,86.83,2.5,1,1.7,0,0
BATCH-01344,61.23,1.423,38.5,121,25.1,7.17,163.2,96.176,1.855,15.8,60.1,120.2,76.5,86.21,1.9,1,0.5,0,0
BATCH-01345,66.86,3.049,45.3,122,48.3,6.4,234.0,97.631,3.107,33.8,57.5,191.8,86.5,79.87,7.4,2,0.9,1,1
BATCH-01346,53.42,2.261,44.5,109,41.2,7.33,208.3,96.974,2.501,19.5,46.4,160.9,65.3,83.69,0.5,2,2.1,1,0
BATCH-01347,53.74,2.069,29.2,152,48.2,7.64,198.2,95.262,2.782,44.1,48.8,143.6,82.9,85.25,5.2,2,0.9,1,0
BATCH-01348,59.25,2.847,35.6,91,50.8,7.27,173.7,99.586,2.506,33.5,52.8,154.1,70.4,86.56,8.7,0,3.4,1,0
BATCH-01349,63.29,2.304,39.4,102,57.8,6.67,145.8,96.956,3.013,23.4,62.5,161.9,56.9,84.47,11.9,0,5.0,1,0
BATCH-01350,67.49,3.03,24.6,189,29.9,6.88,174.1,99.794,0.5,28.1,49.6,114.3,77.5,90.84,6.9,1,7.8,0,1
BATCH-01351,76.8,2.809,45.5,94,39.4,5.89,186.8,99.323,1.364,27.7,58.2,153.9,103.0,85.75,1.7,0,4.2,0,0
BATCH-01352,71.86,2.842,42.5,86,49.3,6.72,105.2,98.835,2.834,34.2,57.1,138.7,58.1,86.61,4.6,0,4.7,0,0
BATCH-01353,63.72,1.817,28.3,138,52.7,6.28,192.1,98.919,0.865,38.3,66.1,162.7,81.8,81.94,0.8,0,3.8,1,0
BATCH-01354,64.85,3.106,49.0,68,66.9,7.22,237.0,97.077,2.076,20.8,54.7,131.5,92.0,76.58,0.6,2,15.0,0,1
BATCH-01355,56.98,2.631,52.2,114,54.6,8.34,222.7,100.787,2.457,44.7,42.7,134.9,114.5,86.23,5.1,0,1.2,0,0
BATCH-01356,64.85,2.315,47.3,174,44.4,7.1,180.2,98.065,1.837,42.8,59.5,191.6,72.6,94.66,9.5,0,1.2,0,0
BATCH-01357,62.69,2.572,41.8,81,36.1,5.61,201.9,98.453,1.947,23.0,70.0,180.8,70.5,88.55,0.5,0,0.5,1,0
BATCH-01358,67.58,1.612,50.9,70,39.4,6.58,177.8,97.026,2.717,30.6,60.0,80.0,62.5,78.46,0.6,1,2.7,1,0
BATCH-01359,58.38,2.704,51.8,83,39.1,6.87,206.0,96.603,3.307,43.7,49.5,178.9,97.1,91.52,4.2,0,0.5,0,0
BATCH-01360,69.15,1.985,48.1,142,51.6,6.85,261.6,98.716,1.733,39.9,47.4,148.2,67.0,82.32,1.2,0,1.3,1,0
BATCH-01361,77.26,1.824,36.8,148,47.6,6.36,238.7,98.326,2.04,27.3,48.3,132.3,74.4,90.72,4.7,2,2.6,0,0
BATCH-01362,64.13,1.739,47.8,107,31.8,6.95,220.8,96.816,1.915,36.5,69.0,124.8,52.3,82.05,1.2,1,12.6,1,0
BATCH-01363,68.21,3.056,57.0,137,40.6,6.05,180.3,95.842,0.563,54.0,52.7,126.3,93.3,87.83,0.6,1,13.3,0,0
BATCH-01364,70.52,2.185,39.0,155,53.8,6.23,230.0,96.095,2.613,30.8,50.4,133.0,97.4,80.85,3.9,2,5.4,0,0
BATCH-01365,61.79,3.267,66.0,165,48.5,7.19,132.5,99.794,3.248,24.9,53.9,121.8,92.7,81.06,9.9,0,2.0,0,0
BATCH-01366,66.79,2.232,39.7,114,50.7,6.19,189.9,97.08,3.313,31.4,52.8,116.1,55.9,72.47,5.8,1,8.0,0,1
BATCH-01367,65.1,1.646,45.3,62,48.8,7.12,223.3,97.492,1.803,32.0,66.0,124.0,89.1,89.1,8.5,0,8.3,1,0
BATCH-01368,65.78,1.942,38.3,99,61.3,5.98,229.6,100.176,1.499,25.8,47.9,158.1,54.9,87.96,1.5,1,9.6,1,0
BATCH-01369,58.82,3.118,47.2,109,47.4,7.86,226.8,96.317,2.517,33.5,63.3,151.3,80.9,88.41,10.9,0,4.1,0,0
BATCH-01370,65.2,2.422,27.6,114,41.1,6.34,211.8,96.91,3.163,20.0,55.9,163.9,83.1,87.2,2.4,0,0.9,0,0
BATCH-01371,68.98,2.226,39.5,115,35.8,6.67,192.2,96.847,2.624,24.7,63.4,148.3,84.7,78.9,9.6,0,0.5,1,0
BATCH-01372,76.61,2.58,34.1,148,47.5,7.0,221.5,100.427,2.731,36.1,66.1,117.3,88.0,92.73,3.2,0,9.8,0,0
BATCH-01373,72.67,2.751,46.4,152,20.6,6.46,161.9,100.99,3.413,16.0,55.6,162.4,79.9,92.94,1.6,0,0.5,0,0
BATCH-01374,82.23,3.059,54.9,116,43.2,6.89,166.2,99.127,1.909,37.2,52.8,124.9,50.6,78.69,1.5,1,1.4,0,1
BATCH-01375,58.86,3.224,51.5,147,42.9,7.15,202.5,99.175,2.324,13.9,55.5,166.2,88.0,89.26,4.2,1,2.7,1,0
BATCH-01376,71.98,2.32,21.3,129,31.4,7.38,206.9,97.129,3.808,16.1,54.3,120.9,81.5,92.0,0.5,0,0.5,1,1
BATCH-01377,66.47,1.837,65.4,122,35.7,7.27,127.0,100.921,2.343,26.0,43.4,132.8,66.5,81.24,13.3,0,9.5,1,0
BATCH-01378,82.52,2.293,48.0,143,53.1,6.7,218.2,98.402,1.486,32.3,65.9,141.0,56.5,82.63,1.6,1,1.4,0,0
BATCH-01379,58.53,2.63,37.2,122,47.3,6.71,230.9,99.28,1.965,40.6,56.7,166.9,103.1,89.27,2.0,1,0.5,1,0
BATCH-01380,58.28,2.018,46.6,171,46.0,8.21,196.9,97.842,1.749,30.5,46.9,154.4,98.5,72.92,1.3,0,15.0,0,1
BATCH-01381,60.2,2.021,46.8,84,48.1,7.37,295.0,97.598,2.786,28.0,40.5,150.5,90.6,76.29,0.5,1,1.5,0,0
BATCH-01382,48.01,2.672,38.3,107,45.9,6.25,172.7,100.495,1.783,34.6,38.7,197.1,69.9,77.08,5.9,1,8.4,1,0
BATCH-01383,60.79,2.476,47.0,117,57.4,6.86,185.6,98.81,2.717,23.0,60.4,104.1,42.2,70.63,4.5,0,2.4,1,0
BATCH-01384,58.93,2.516,38.9,131,46.2,6.6,184.2,100.177,1.911,31.1,50.7,124.0,91.5,93.68,8.3,0,4.4,1,0
BATCH-01385,66.2,2.121,41.0,152,30.4,6.72,197.0,98.383,0.801,20.4,51.8,123.0,85.5,69.09,0.5,0,1.1,1,0
BATCH-01386,67.73,2.385,38.1,119,61.3,6.06,186.9,96.727,2.745,30.7,58.4,105.7,74.4,87.74,13.2,2,2.8,1,0
BATCH-01387,80.01,2.038,30.7,84,48.7,6.55,143.7,97.125,2.619,29.0,51.4,132.0,96.9,91.49,2.0,0,1.2,1,1
BATCH-01388,72.6,2.945,46.5,141,39.1,7.89,178.1,98.154,2.914,23.6,58.8,167.2,92.7,82.65,12.2,0,12.1,1,0
BATCH-01389,60.38,3.018,50.9,139,32.5,7.15,196.1,97.06,1.962,31.3,55.7,135.2,82.6,79.65,0.6,2,0.5,0,0
BATCH-01390,57.81,1.577,50.1,71,49.0,5.31,249.1,96.339,1.876,31.3,54.4,141.7,80.5,86.86,6.8,0,1.3,0,1
BATCH-01391,68.94,2.035,53.2,120,43.8,7.53,288.1,99.802,2.821,39.4,44.0,106.9,80.8,85.01,4.3,1,8.9,1,0
BATCH-01392,54.44,1.752,48.2,80,60.7,7.45,253.4,97.183,3.715,17.2,49.3,130.1,90.2,93.03,2.2,0,2.6,1,0
BATCH-01393,79.65,2.175,39.7,103,41.5,6.58,169.0,98.207,2.509,29.4,59.2,138.5,67.1,63.97,0.5,2,3.7,0,1
BATCH-01394,74.44,2.458,53.4,97,36.6,7.23,172.2,98.444,2.84,23.9,50.2,166.1,86.4,77.65,4.6,2,4.2,1,0
BATCH-01395,61.25,1.775,31.4,140,54.0,6.28,193.6,97.118,2.243,37.0,63.4,108.1,66.2,89.49,0.5,1,0.5,0,0
BATCH-01396,51.29,2.039,36.0,123,54.3,6.52,271.4,100.176,1.265,36.0,71.4,138.6,100.0,85.4,3.5,0,0.5,1,0
BATCH-01397,75.83,1.998,35.4,88,46.7,7.7,193.4,96.324,3.274,34.1,59.6,177.2,88.0,91.02,4.6,0,11.1,1,0
BATCH-01398,64.08,2.604,55.8,142,51.8,6.64,146.9,98.392,3.227,24.4,65.4,138.9,69.7,87.1,6.6,1,1.3,0,0
BATCH-01399,74.9,2.535,54.4,84,44.6,5.68,180.0,98.369,3.069,37.1,60.0,97.1,81.2,83.92,20.0,0,1.9,1,0
BATCH-01400,52.24,2.139,49.9,128,47.3,6.76,230.3,97.919,2.354,17.8,51.3,182.0,67.2,82.58,1.5,1,4.6,1,0
BATCH-01401,60.2,2.588,55.7,100,56.6,6.75,227.6,96.055,2.978,16.1,56.4,168.4,102.6,100.0,1.9,1,1.1,1,0
BATCH-01402,65.04,2.227,36.2,111,51.3,7.52,192.0,99.306,3.215,19.8,69.1,171.7,104.3,97.28,2.1,2,5.3,1,0
BATCH-01403,65.38,2.364,48.5,133,43.3,6.81,227.3,99.115,3.796,29.7,51.3,106.4,90.4,88.96,6.6,0,2.5,0,0
BATCH-01404,61.4,3.337,43.7,133,58.5,6.55,109.1,96.987,3.291,35.4,47.7,187.8,103.3,85.63,13.4,1,7.8,0,0
BATCH-01405,69.98,3.17,53.5,153,21.4,7.43,204.2,99.061,2.551,10.0,47.1,130.7,82.3,89.31,18.3,1,1.3,1,0
BATCH-01406,56.46,1.85,43.8,118,65.5,6.87,234.4,98.562,1.453,40.6,53.5,137.3,91.5,91.61,14.6,0,0.9,1,0
BATCH-01407,63.86,2.915,41.2,128,27.9,6.35,166.7,96.079,2.625,31.0,48.0,132.4,98.4,88.35,10.6,2,7.1,0,1
BATCH-01408,65.96,2.906,50.4,109,38.7,7.49,166.5,96.719,2.705,17.5,66.7,173.7,79.9,78.99,20.0,0,1.6,0,0
BATCH-01409,69.12,1.926,53.8,125,44.6,6.92,125.3,99.707,3.067,30.8,56.5,145.5,81.1,99.28,2.4,1,2.1,0,0
BATCH-01410,70.69,2.909,38.3,131,43.5,6.8,263.6,98.464,3.583,38.7,61.8,162.0,94.0,86.97,14.8,2,6.3,0,0
BATCH-01411,56.0,3.269,44.4,118,55.1,6.91,171.2,97.154,2.424,34.8,52.9,151.9,89.7,100.0,7.2,0,4.0,1,0
BATCH-01412,52.73,1.939,34.4,75,34.4,6.16,209.6,96.712,4.181,38.8,47.0,147.6,68.7,86.5,0.9,0,2.3,0,0
BATCH-01413,75.22,2.041,20.0,128,47.6,6.48,224.2,97.227,1.093,19.1,45.8,126.3,47.2,83.03,0.5,0,1.2,0,0
BATCH-01414,67.66,3.009,47.0,129,39.2,6.8,260.5,97.333,2.835,26.7,48.6,195.3,77.4,96.07,1.2,1,5.8,1,1
BATCH-01415,59.01,2.636,51.1,103,48.0,6.68,193.8,96.731,1.861,22.6,57.4,113.4,48.5,87.41,7.5,1,0.8,0,0
BATCH-01416,77.41,2.776,47.6,88,44.4,7.56,178.4,95.387,0.974,43.7,58.6,160.3,65.1,86.07,5.0,0,10.5,1,0
BATCH-01417,65.93,2.67,25.5,157,45.9,6.93,206.9,99.71,2.339,35.1,59.2,159.4,66.9,75.4,1.3,1,0.7,0,0
BATCH-01418,74.43,2.695,41.5,132,39.5,7.31,251.4,99.456,1.334,52.8,44.6,178.9,71.5,90.28,6.8,2,6.5,1,0
BATCH-01419,65.54,1.837,22.8,114,39.9,6.81,193.2,96.09,2.371,26.3,55.0,184.7,92.3,81.05,0.8,2,2.2,0,0
BATCH-01420,81.49,3.024,58.7,92,47.9,7.43,161.8,98.204,2.528,24.2,47.8,146.6,95.6,81.42,8.6,1,0.8,0,0
BATCH-01421,79.04,3.085,34.1,99,54.4,7.04,138.4,96.647,3.395,28.9,57.8,163.3,87.6,81.08,7.9,0,2.1,0,0
BATCH-01422,63.01,2.385,57.6,153,39.0,6.81,151.1,97.608,1.294,41.0,58.4,194.1,89.5,88.51,18.0,2,1.0,1,0
BATCH-01423,72.77,2.478,54.5,123,36.3,6.79,234.6,97.483,3.227,27.1,46.8,148.4,89.8,72.72,0.8,0,0.6,0,0
BATCH-01424,70.16,1.734,36.0,106,51.1,6.23,187.2,97.358,2.578,31.0,61.8,123.3,42.5,83.31,11.9,1,1.1,0,0
BATCH-01425,75.95,2.757,33.7,133,44.7,7.1,175.7,101.004,3.323,30.8,71.4,140.4,80.2,92.84,2.1,1,8.1,1,1
BATCH-01426,57.28,2.786,48.5,100,53.3,6.78,171.4,97.34,2.155,30.3,60.8,117.4,53.1,75.03,2.7,0,0.5,0,0
BATCH-01427,70.49,2.469,36.6,158,35.9,6.5,203.4,96.788,1.434,24.8,53.9,159.3,87.6,86.38,3.2,0,14.4,1,0
BATCH-01428,73.47,3.062,46.0,154,27.2,7.46,190.4,96.856,1.526,28.9,52.8,176.6,48.6,79.95,4.9,0,0.5,0,0
BATCH-01429,50.93,2.333,40.2,108,39.7,6.05,189.1,99.566,1.467,28.6,53.5,147.0,77.3,81.77,20.0,0,4.3,0,0
BATCH-01430,55.53,2.782,27.2,104,37.3,6.55,254.0,95.522,2.882,29.9,49.7,109.5,88.2,98.24,4.6,0,7.8,0,0
BATCH-01431,48.69,1.99,22.7,55,44.2,7.42,261.5,96.856,3.682,37.5,56.8,175.5,63.2,71.8,13.1,2,10.9,0,1
BATCH-01432,62.84,2.488,47.3,83,38.6,6.99,135.6,100.17,2.048,44.1,47.0,105.6,94.4,91.13,1.5,0,0.6,0,0
BATCH-01433,70.74,2.413,39.4,87,52.4,6.77,213.1,98.366,3.003,23.3,41.8,111.4,87.6,81.18,2.5,0,4.8,0,0
BATCH-01434,77.02,2.613,39.5,123,42.1,6.95,168.9,98.288,1.281,26.9,56.5,145.5,85.7,80.78,3.5,0,0.5,0,0
BATCH-01435,65.59,2.315,52.0,112,46.5,6.91,190.1,101.198,2.644,23.4,55.1,156.3,90.5,76.11,1.9,0,1.7,1,0
BATCH-01436,78.03,2.434,56.7,86,46.6,5.89,212.4,98.37,3.035,31.5,51.0,160.6,74.6,91.03,18.8,0,5.3,1,0
BATCH-01437,53.96,2.913,42.3,113,46.9,6.59,191.5,96.938,1.342,25.7,46.0,148.3,82.3,83.47,6.5,0,1.7,1,0
BATCH-01438,51.37,2.282,41.6,133,44.8,7.77,209.2,97.577,2.337,31.9,57.0,194.0,80.2,82.46,3.3,0,1.5,0,0
BATCH-01439,64.56,1.697,50.0,133,50.1,6.4,226.9,96.297,3.073,38.8,48.1,151.6,79.8,85.88,7.0,0,0.5,1,0
BATCH-01440,68.07,3.375,31.4,73,37.0,6.61,211.8,99.884,0.5,10.0,54.0,175.9,69.9,83.64,3.2,0,0.5,0,0
BATCH-01441,64.74,3.191,47.2,117,59.0,6.48,174.1,98.862,3.568,33.9,67.4,169.7,61.4,68.99,0.5,1,0.5,1,0
BATCH-01442,48.46,1.854,50.5,85,42.6,6.75,174.8,99.687,2.783,26.3,59.6,117.7,74.9,81.07,3.9,0,8.3,0,0
BATCH-01443,64.29,2.845,51.8,143,31.9,6.45,142.4,99.819,3.073,33.7,45.4,145.8,74.1,92.16,4.9,0,0.5,1,0
BATCH-01444,54.56,2.249,25.6,140,46.9,7.09,165.8,97.379,2.17,22.8,46.1,203.1,68.9,72.95,19.9,2,4.7,1,0
BATCH-01445,70.36,2.632,37.4,98,36.5,6.92,278.5,96.583,1.122,39.6,56.1,137.4,92.8,76.28,0.5,1,5.9,1,0
BATCH-01446,67.93,2.647,36.2,101,51.7,7.26,168.3,97.922,2.927,37.3,45.4,133.1,62.4,81.59,3.6,0,3.4,1,0
BATCH-01447,57.48,2.383,46.0,108,67.1,6.17,152.3,96.691,2.434,34.5,41.0,154.3,77.4,79.2,0.5,0,5.2,0,0
BATCH-01448,60.89,2.108,49.8,64,37.1,6.6,212.8,98.247,2.526,36.3,58.7,138.3,97.5,84.78,0.8,1,4.2,1,0
BATCH-01449,56.53,2.155,60.0,128,48.3,6.66,195.6,99.698,3.37,24.0,57.2,130.2,93.6,76.26,4.7,1,2.4,0,0
BATCH-01450,64.5,2.042,40.1,113,27.4,7.07,192.2,97.748,3.11,25.0,58.2,137.9,98.2,81.9,1.3,0,1.9,0,0
BATCH-01451,72.64,2.084,40.0,144,49.5,6.32,256.4,98.225,4.037,36.0,56.8,185.8,71.1,84.62,6.9,0,11.3,0,1
BATCH-01452,57.11,2.466,56.5,93,36.1,7.35,222.0,97.859,2.623,23.9,54.5,146.6,91.8,90.19,3.6,2,14.3,1,0
BATCH-01453,69.03,2.142,48.0,105,38.8,7.51,178.8,99.204,1.947,41.6,50.4,116.8,64.1,94.96,1.2,1,4.2,0,0
BATCH-01454,60.76,2.841,57.7,82,34.0,6.21,183.0,96.998,2.349,27.4,58.6,112.2,75.9,82.91,3.4,0,0.9,0,0
BATCH-01455,58.66,3.244,47.9,95,52.3,6.51,179.9,94.705,2.833,34.0,65.7,205.2,77.3,100.0,0.5,0,2.4,0,0
BATCH-01456,64.14,2.21,33.4,90,55.1,6.48,235.0,98.706,3.313,46.8,51.5,144.4,71.4,83.53,9.9,0,2.7,1,0
BATCH-01457,56.72,2.62,31.7,145,45.2,8.38,187.7,99.482,1.326,24.4,47.9,160.9,74.6,91.63,0.5,0,5.7,1,0
BATCH-01458,60.57,2.75,29.5,103,36.4,6.54,128.3,98.67,2.507,30.6,47.1,130.7,72.6,100.0,0.5,2,4.4,0,0
BATCH-01459,55.42,2.736,51.6,123,60.9,7.81,198.1,97.04,3.788,38.4,48.9,158.0,65.3,86.11,4.7,0,2.9,0,0
BATCH-01460,80.72,2.538,56.9,110,37.5,6.04,138.5,96.297,2.308,37.6,56.4,186.5,92.8,74.01,18.2,2,4.6,0,0
BATCH-01461,65.28,2.871,63.5,88,23.4,6.21,287.4,98.742,3.245,27.4,40.0,133.7,77.3,85.73,9.7,0,0.5,0,0
BATCH-01462,59.4,2.741,53.4,116,49.6,6.39,161.4,98.212,2.894,25.9,58.1,161.5,83.0,80.11,1.5,0,6.0,1,0
BATCH-01463,66.71,1.881,56.6,135,34.0,6.29,193.5,97.811,3.265,28.1,59.5,114.9,82.5,82.8,1.1,0,1.0,0,0
BATCH-01464,64.1,2.935,39.2,90,54.9,6.64,210.3,100.734,1.852,41.6,42.4,200.6,80.8,100.0,4.9,1,4.3,0,0
BATCH-01465,63.23,2.944,33.4,140,41.2,6.37,188.5,96.58,1.856,27.8,48.1,156.7,81.4,75.22,8.6,0,0.5,1,0
BATCH-01466,69.91,2.118,53.5,99,51.0,6.31,188.4,100.663,2.516,30.6,55.6,139.7,75.4,87.4,2.2,1,0.5,0,0
BATCH-01467,71.06,2.519,49.2,108,59.0,7.5,216.9,98.048,1.274,26.6,54.0,142.6,101.3,77.98,2.8,1,0.5,1,0
BATCH-01468,60.76,2.842,46.1,133,32.9,7.53,261.0,95.247,2.284,35.6,58.6,137.2,91.4,82.54,0.6,0,9.6,1,0
BATCH-01469,60.39,2.395,48.9,103,39.3,7.37,230.7,97.731,2.702,31.2,54.0,138.5,80.3,90.96,0.8,1,3.7,0,0
BATCH-01470,62.8,3.036,48.2,121,44.2,7.11,259.1,99.439,3.928,22.0,63.9,88.8,73.3,87.55,4.2,0,1.8,0,1
BATCH-01471,46.58,3.682,57.8,112,60.4,6.86,158.1,97.452,2.822,22.2,52.8,147.6,78.2,83.2,0.5,1,6.2,0,0
BATCH-01472,52.88,2.107,57.9,123,38.4,6.5,212.7,95.788,3.0,14.0,48.1,146.5,86.3,79.8,1.1,0,3.9,0,0
BATCH-01473,75.93,1.809,50.4,60,39.1,6.23,206.2,97.753,3.432,23.3,47.6,162.2,102.5,87.53,1.3,0,3.9,0,0
BATCH-01474,78.16,2.652,53.5,74,49.8,7.02,214.0,96.714,1.728,36.4,60.1,136.9,59.4,98.66,2.9,1,2.7,1,0
BATCH-01475,63.01,2.861,50.1,135,39.2,6.1,255.0,98.738,2.368,40.6,55.2,130.7,89.9,77.79,0.5,0,0.5,1,0
BATCH-01476,69.61,2.385,40.4,146,46.5,6.2,191.2,99.16,4.44,35.5,59.4,149.8,96.9,100.0,3.5,2,1.2,0,0
BATCH-01477,67.49,3.227,52.6,97,29.5,7.49,183.8,96.416,2.437,34.4,59.3,109.7,57.7,94.6,13.2,2,0.5,1,0
BATCH-01478,89.63,1.831,31.1,114,67.1,7.94,221.4,96.941,3.393,29.0,40.9,153.6,77.3,95.95,0.5,0,4.3,0,1
BATCH-01479,73.96,2.846,55.5,127,31.5,7.04,128.9,99.135,3.271,36.2,47.0,103.5,64.0,87.47,5.0,0,1.1,1,0
BATCH-01480,63.98,2.197,33.1,137,41.8,7.46,190.5,96.712,1.318,32.3,47.9,178.0,86.5,94.37,9.0,1,2.4,0,0
BATCH-01481,57.36,3.36,47.9,69,44.7,6.65,194.6,96.377,2.748,44.4,49.3,167.1,74.6,76.93,1.9,2,1.7,0,0
BATCH-01482,52.15,3.496,36.5,98,64.1,6.0,163.2,96.232,2.617,29.2,52.1,126.8,78.0,79.66,0.7,0,0.6,1,0
BATCH-01483,66.63,2.117,50.5,112,31.8,7.17,242.3,98.528,2.764,40.7,62.0,166.5,73.8,91.13,0.5,2,12.7,0,1
BATCH-01484,58.95,2.225,44.7,138,64.8,7.14,157.5,98.464,1.897,37.0,63.4,152.8,90.8,87.37,5.2,2,10.8,0,0
BATCH-01485,53.62,2.93,29.1,182,52.6,6.84,194.6,96.974,1.606,35.9,52.9,124.8,83.4,83.81,4.0,0,0.5,0,0
BATCH-01486,59.83,2.306,49.2,114,49.2,6.65,211.7,98.008,2.119,13.9,53.2,99.4,83.5,64.98,1.3,1,7.0,0,0
BATCH-01487,56.35,2.477,39.2,85,35.2,7.38,254.1,100.291,2.422,37.4,50.1,157.9,82.4,81.52,8.9,0,2.7,1,0
BATCH-01488,78.5,2.513,53.8,130,50.7,6.21,199.6,96.539,3.448,29.0,55.6,130.1,88.6,75.61,6.6,1,5.9,1,0
BATCH-01489,72.05,1.54,45.0,153,37.8,6.34,237.4,95.072,3.954,26.4,56.4,177.4,76.1,88.95,1.6,0,0.7,0,0
BATCH-01490,64.94,2.493,49.0,123,57.7,6.2,228.0,98.683,3.617,18.1,60.6,150.4,105.5,83.47,7.0,0,0.6,0,0
BATCH-01491,76.84,2.155,35.4,97,35.3,6.85,204.9,97.834,3.188,30.0,60.6,132.5,61.5,79.97,1.4,1,8.9,0,0
BATCH-01492,65.62,2.253,39.1,144,43.9,6.15,156.4,96.935,1.697,30.3,38.9,194.9,54.1,100.0,5.6,0,9.1,1,0
BATCH-01493,58.11,3.222,40.4,137,39.4,6.39,142.6,98.978,2.173,19.6,53.9,164.4,52.9,93.31,0.6,1,2.5,0,0
BATCH-01494,77.18,1.872,53.6,94,35.1,6.38,204.3,99.259,2.668,18.2,64.7,80.0,48.8,93.45,5.9,2,8.2,1,0
BATCH-01495,69.31,2.907,61.8,130,52.4,6.64,178.3,94.688,1.994,33.9,51.9,137.8,90.1,100.0,1.4,0,4.4,1,0
BATCH-01496,56.7,2.361,36.9,145,50.4,5.91,236.8,97.021,2.962,37.0,63.0,115.4,88.3,91.42,4.2,0,0.8,0,0
BATCH-01497,63.48,2.36,55.8,150,57.1,6.85,229.8,101.476,3.076,31.5,52.9,130.0,98.1,78.83,0.9,1,1.6,0,1
BATCH-01498,58.0,2.895,23.3,118,27.2,7.55,192.6,98.875,2.929,39.2,56.2,146.4,64.2,77.9,6.5,0,0.6,1,0
BATCH-01499,53.94,2.67,33.1,111,55.6,6.88,153.7,99.014,3.32,29.3,47.0,158.9,91.2,92.72,0.5,2,5.9,0,1
BATCH-01500,72.41,2.785,35.4,151,70.1,7.72,220.4,99.759,1.776,29.6,47.3,156.5,80.9,68.53,0.9,0,15.0,0,1
BATCH-01501,80.28,2.984,31.5,90,40.5,7.6,159.3,98.026,3.246,22.7,60.1,176.9,82.5,84.38,1.0,1,3.2,1,0
BATCH-01502,53.81,2.334,29.2,131,64.0,7.27,169.7,99.195,1.943,17.5,61.2,165.9,89.4,67.63,0.5,0,4.3,1,0
BATCH-01503,69.5,2.194,49.1,86,42.4,6.84,160.8,99.077,1.747,44.8,55.2,164.4,68.7,85.79,6.8,0,5.5,0,0
BATCH-01504,59.79,1.957,42.9,147,31.3,6.81,194.5,98.809,2.926,39.1,46.4,155.0,118.8,91.83,19.8,0,1.0,0,0
BATCH-01505,61.1,2.087,48.8,114,41.9,7.26,246.8,97.517,3.473,18.9,55.3,182.2,100.0,87.24,7.5,0,1.6,0,0
BATCH-01506,60.26,3.975,51.9,152,55.5,6.56,199.8,98.258,2.89,31.2,63.8,142.1,72.0,92.5,9.9,0,2.1,1,0
BATCH-01507,58.09,3.122,47.7,132,36.6,5.67,182.3,97.117,2.517,29.2,67.2,142.7,63.6,100.0,0.5,1,3.6,1,0
BATCH-01508,65.39,1.824,51.6,89,39.0,7.1,139.0,98.019,2.748,27.8,52.8,102.4,78.7,83.85,0.6,0,7.6,1,0
BATCH-01509,58.35,1.839,44.3,156,50.9,6.12,222.1,96.247,2.609,26.7,43.4,176.4,82.7,100.0,4.1,0,1.2,1,0
BATCH-01510,67.16,2.741,33.1,159,45.0,6.22,168.8,96.814,1.599,33.1,60.9,148.1,96.0,86.7,19.1,0,2.5,0,0
BATCH-01511,64.6,2.774,55.6,142,50.8,6.8,204.7,97.577,1.506,36.5,53.1,223.3,62.5,92.59,5.4,1,5.6,0,0
BATCH-01512,63.09,2.774,39.1,101,47.4,6.74,185.8,96.584,2.437,33.2,61.6,139.9,84.3,80.11,2.3,1,0.5,0,0
BATCH-01513,57.74,2.373,35.6,112,49.8,5.95,233.5,97.242,2.564,29.0,57.0,152.2,57.1,97.95,0.8,0,2.9,1,0
BATCH-01514,60.39,2.437,43.2,124,40.7,6.9,193.7,97.754,2.509,28.7,48.8,163.7,86.5,93.33,0.8,2,0.6,0,0
BATCH-01515,71.04,2.664,35.9,102,47.3,7.38,197.6,98.603,3.041,37.5,55.4,122.5,78.4,96.77,2.3,2,3.1,1,0
BATCH-01516,69.01,2.543,40.8,162,35.7,6.12,219.4,99.424,2.328,33.7,64.2,159.0,109.1,85.44,6.3,0,5.8,1,0
BATCH-01517,57.18,1.39,48.4,124,57.9,7.56,284.3,97.304,2.95,30.6,54.0,150.9,56.8,74.96,0.5,1,1.1,1,0
BATCH-01518,65.79,2.385,48.5,52,38.7,5.86,235.5,100.003,2.384,29.7,47.8,142.4,100.6,88.68,9.6,0,7.6,1,0
BATCH-01519,71.01,2.074,36.0,128,56.3,8.07,196.5,99.408,3.959,32.8,43.9,179.3,54.4,71.42,14.2,2,1.6,0,1
BATCH-01520,51.64,2.588,40.1,111,42.7,6.55,200.1,98.756,2.565,26.3,49.6,127.4,60.1,82.31,11.0,1,0.8,0,1
BATCH-01521,69.35,3.993,55.7,118,47.0,6.89,179.0,98.23,4.373,36.6,52.1,156.9,54.8,86.53,12.2,2,2.5,0,0
BATCH-01522,59.7,2.684,50.0,111,40.1,5.66,162.0,98.479,2.782,21.4,60.7,186.4,83.8,100.0,0.5,0,8.4,0,0
BATCH-01523,69.56,2.343,65.8,140,34.8,6.76,177.9,99.781,2.329,26.7,47.2,132.3,62.4,87.55,19.0,0,0.5,0,0
BATCH-01524,58.89,2.961,56.8,148,27.6,6.94,169.1,99.835,1.78,34.9,65.9,142.6,59.8,86.12,2.3,1,1.6,0,0
BATCH-01525,50.56,2.741,56.4,127,34.4,6.75,226.1,100.002,1.346,20.9,45.6,208.6,83.0,84.5,10.2,1,4.2,1,1
BATCH-01526,51.98,2.71,31.1,112,41.8,6.46,157.2,98.062,1.707,17.4,71.3,161.9,86.8,74.26,1.0,1,1.8,0,1
BATCH-01527,65.38,2.803,52.6,119,47.1,6.23,253.3,98.832,1.796,30.5,67.1,137.3,80.6,85.69,3.0,2,0.5,1,0
BATCH-01528,67.08,3.528,44.5,120,55.1,7.48,230.1,100.015,2.816,16.4,56.0,170.1,77.6,85.82,0.5,1,1.6,0,0
BATCH-01529,57.77,1.935,39.5,100,40.5,6.82,200.8,97.064,2.079,19.6,43.5,135.8,107.4,77.25,0.5,1,6.9,1,0
BATCH-01530,70.11,2.737,46.7,134,36.2,7.72,200.0,97.522,2.65,36.1,54.6,110.9,82.2,75.51,14.3,0,13.8,0,0
BATCH-01531,51.71,2.037,54.5,132,30.6,6.48,177.7,98.024,3.526,28.4,52.3,184.3,92.1,81.15,8.3,0,0.5,0,0
BATCH-01532,64.47,2.778,50.0,159,49.8,6.54,210.8,99.349,2.43,40.3,46.1,122.4,82.1,85.52,3.8,0,3.4,0,0
BATCH-01533,55.31,2.041,36.2,151,58.8,7.29,243.5,99.373,4.163,20.4,57.0,211.3,63.5,81.34,3.7,1,0.5,1,0
BATCH-01534,59.79,2.291,52.4,103,57.7,5.83,171.9,97.654,1.559,29.2,49.2,137.8,88.2,76.59,6.9,0,4.6,0,1
BATCH-01535,65.38,2.352,38.6,141,52.1,6.07,138.7,95.737,2.38,33.2,50.0,203.3,70.2,87.31,2.1,0,0.5,1,1
BATCH-01536,58.12,2.988,47.2,96,51.4,7.46,228.1,98.369,2.069,20.6,53.6,115.8,78.6,89.31,7.2,0,0.5,1,0
BATCH-01537,61.92,2.959,42.0,137,62.0,6.1,213.0,96.623,3.249,38.3,51.0,175.6,84.6,85.97,3.3,2,6.0,0,0
BATCH-01538,73.05,1.877,42.8,107,48.3,5.71,155.2,95.765,0.708,34.1,69.5,162.5,50.9,80.5,5.1,0,0.5,0,0
BATCH-01539,60.38,2.527,52.7,94,51.5,7.92,170.7,96.104,1.346,17.1,51.2,170.9,55.9,89.76,16.7,0,1.5,1,0
BATCH-01540,71.69,2.145,34.6,127,41.8,5.96,165.6,98.49,2.414,29.7,58.1,174.2,93.6,83.48,3.2,0,12.7,0,0
BATCH-01541,55.96,1.871,64.5,53,31.4,6.91,171.0,100.042,3.741,33.1,56.0,137.6,70.0,75.49,2.7,0,15.0,1,0
BATCH-01542,69.24,2.391,26.8,76,38.2,6.84,187.1,98.058,2.681,25.3,57.5,117.3,70.8,93.29,11.8,0,0.7,0,0
BATCH-01543,76.53,2.346,39.0,116,44.9,5.11,189.3,98.317,1.419,18.2,58.0,148.7,82.5,87.83,11.6,0,3.3,1,0
BATCH-01544,45.23,3.713,48.7,122,45.6,6.64,174.0,99.774,1.542,32.2,61.2,155.6,74.2,84.05,20.0,0,3.3,1,0
BATCH-01545,58.62,2.716,50.8,111,64.3,7.07,169.7,95.683,3.838,47.7,56.9,138.2,86.3,72.43,4.0,2,2.4,1,0
BATCH-01546,69.62,1.811,44.0,81,45.8,7.01,190.8,98.78,2.003,26.9,56.6,156.9,79.2,79.04,2.1,1,10.3,0,1
BATCH-01547,63.38,2.218,44.4,100,56.8,7.34,206.7,97.983,1.746,42.6,55.4,158.2,83.0,100.0,1.4,0,5.6,1,0
BATCH-01548,67.97,3.011,49.1,130,40.6,6.57,187.3,98.849,3.682,24.0,54.0,127.2,69.5,72.93,0.5,1,5.8,1,0
BATCH-01549,60.17,3.544,42.7,135,41.9,7.23,246.3,97.275,3.309,31.7,48.6,159.9,82.9,82.99,6.5,1,1.3,0,0
BATCH-01550,65.69,1.707,58.9,120,31.7,6.39,220.3,96.773,3.519,36.2,54.6,143.3,96.6,84.87,1.3,1,2.3,1,0
BATCH-01551,63.75,1.56,53.4,149,37.6,5.95,136.4,98.211,1.74,29.9,56.7,132.5,71.5,87.56,4.7,0,2.7,0,0
BATCH-01552,74.34,3.435,53.7,130,50.3,6.02,220.9,100.474,1.28,27.6,57.8,169.7,93.7,73.02,12.4,0,1.4,1,0
BATCH-01553,67.04,2.695,35.3,101,45.1,5.92,224.2,99.291,2.607,35.8,56.3,130.6,79.2,86.39,15.0,1,0.5,1,0
BATCH-01554,67.7,2.066,44.2,113,54.4,7.41,182.6,97.238,2.768,45.1,53.4,138.6,91.0,71.51,0.5,0,0.5,0,0
BATCH-01555,61.7,2.767,42.0,85,46.8,5.89,140.2,95.989,2.792,32.4,54.6,151.8,81.9,85.78,1.9,0,0.8,0,0
BATCH-01556,61.1,1.182,34.9,117,41.5,6.96,200.3,95.477,3.683,25.9,51.1,184.4,79.5,79.78,9.1,0,0.9,1,0
BATCH-01557,61.54,2.502,48.6,148,66.5,6.64,199.7,99.974,1.113,28.5,57.2,154.8,85.2,78.07,3.8,1,1.1,0,1
BATCH-01558,68.16,2.664,39.6,137,44.1,6.74,155.1,96.567,3.188,50.2,53.5,163.2,98.2,91.68,8.2,0,1.2,1,0
BATCH-01559,61.63,2.962,51.6,155,56.6,7.62,142.0,97.512,1.623,31.1,56.3,142.6,83.5,83.12,9.6,0,2.4,1,0
BATCH-01560,67.32,1.993,34.3,112,41.0,6.54,196.5,99.982,3.185,25.2,62.0,148.0,87.2,88.79,2.9,2,2.8,0,0
BATCH-01561,81.6,2.543,62.2,154,52.1,7.17,190.7,95.579,2.12,20.8,50.0,148.8,74.5,89.05,2.2,2,1.5,0,1
BATCH-01562,71.97,2.037,36.0,115,54.3,6.82,183.3,100.238,1.849,15.4,59.2,157.3,103.6,95.16,3.0,0,9.5,0,1
BATCH-01563,62.39,2.628,47.2,157,47.1,6.71,196.7,97.62,2.012,32.9,55.2,142.6,89.6,75.33,5.3,0,3.2,1,0
BATCH-01564,74.61,2.052,52.9,119,21.5,8.18,155.9,96.277,1.344,35.2,69.1,183.5,81.2,92.35,2.3,1,6.2,0,0
BATCH-01565,61.74,2.296,39.3,138,45.2,5.94,182.6,97.629,2.532,26.8,53.5,140.7,78.2,85.13,7.5,0,10.3,0,0
BATCH-01566,48.7,2.002,53.5,157,57.3,7.57,221.3,96.916,1.882,29.9,59.9,107.3,94.7,81.98,11.7,1,0.7,1,0
BATCH-01567,56.94,2.826,32.7,115,50.3,7.19,186.0,98.661,3.129,20.6,55.1,218.6,70.9,75.81,1.7,1,2.2,0,0
BATCH-01568,50.03,2.929,59.5,125,49.5,6.51,133.1,97.028,3.012,31.1,45.3,141.8,53.3,89.85,16.8,0,2.3,0,0
BATCH-01569,62.19,2.383,45.1,152,27.8,7.78,181.1,95.133,3.851,33.9,51.4,182.8,81.1,77.62,4.9,0,1.8,0,0
BATCH-01570,65.15,2.519,39.0,117,37.8,5.69,157.2,97.669,2.793,25.7,61.2,185.1,97.9,89.14,10.5,0,0.5,0,0
BATCH-01571,78.41,1.776,42.0,87,49.1,6.49,210.7,95.965,2.917,43.5,52.0,173.6,103.9,100.0,0.5,1,6.8,0,0
BATCH-01572,67.62,2.35,53.1,174,49.1,6.07,212.8,98.306,3.62,23.3,39.5,145.0,78.4,92.84,1.4,0,0.5,0,1
BATCH-01573,63.25,2.475,39.2,108,57.1,7.05,133.6,96.219,1.998,32.3,54.8,157.2,80.7,96.13,1.9,0,15.0,0,0
BATCH-01574,71.64,3.81,37.5,124,43.6,6.13,230.4,97.268,1.309,36.8,47.4,118.1,87.8,79.25,1.8,0,5.9,0,0
BATCH-01575,47.31,1.944,42.8,149,49.1,7.06,155.5,98.274,2.66,29.4,55.9,199.8,76.0,91.1,0.9,0,3.5,1,0
BATCH-01576,66.88,3.232,33.2,105,45.2,6.69,262.4,97.681,1.362,28.5,65.9,128.7,87.7,75.85,10.1,1,0.7,1,0
BATCH-01577,71.17,2.998,63.2,95,35.1,6.51,198.0,98.376,4.463,18.6,60.4,143.7,78.7,83.13,2.7,0,2.9,0,0
BATCH-01578,53.17,2.64,39.3,126,22.4,7.03,150.1,99.02,3.664,40.9,65.8,152.5,95.2,98.93,16.5,1,1.2,0,0
BATCH-01579,74.15,3.379,53.3,75,49.3,6.64,154.3,96.263,4.231,28.6,51.1,147.3,90.8,80.14,4.4,0,1.2,0,0
BATCH-01580,67.71,2.686,47.1,113,46.7,6.15,213.9,97.903,2.55,34.3,54.0,133.6,92.2,93.89,0.7,0,7.1,0,0
BATCH-01581,61.68,2.695,35.2,126,38.8,8.48,184.3,93.006,2.94,35.4,47.7,184.9,76.9,93.13,3.9,2,1.9,0,1
BATCH-01582,70.06,2.473,44.9,113,28.8,6.51,196.1,98.371,2.132,25.0,50.2,173.8,108.9,93.6,20.0,1,2.4,1,0
BATCH-01583,83.17,3.112,52.8,81,51.3,5.47,264.5,97.549,3.206,28.4,48.5,158.1,87.3,74.86,4.2,1,7.4,0,0
BATCH-01584,66.45,3.048,43.1,160,42.3,6.29,172.0,96.525,1.528,40.7,45.9,140.0,83.7,89.2,0.5,0,0.5,0,0
BATCH-01585,66.99,2.187,56.9,123,50.6,6.04,202.4,98.474,0.5,21.1,64.6,176.6,68.6,83.75,13.5,0,3.6,1,0
BATCH-01586,61.33,1.84,55.2,156,63.6,7.3,256.8,99.759,1.867,47.0,40.4,138.4,78.5,93.71,1.3,1,3.5,1,0
BATCH-01587,58.2,2.399,54.2,113,23.6,6.99,210.8,97.286,1.336,24.0,64.6,189.3,81.7,71.76,5.8,2,2.2,1,0
BATCH-01588,71.64,2.1,40.4,98,38.0,7.04,135.7,96.583,3.682,20.6,63.7,152.8,68.2,87.94,3.6,2,7.1,0,0
BATCH-01589,58.15,2.468,34.2,127,42.9,6.58,220.2,98.248,3.953,31.1,58.5,180.7,75.6,86.81,2.0,2,11.5,0,1
BATCH-01590,65.57,3.119,38.9,115,59.5,6.63,153.5,95.997,1.378,47.7,47.2,147.2,77.5,69.08,1.7,0,2.5,0,1
BATCH-01591,61.18,2.271,47.0,91,28.6,6.58,256.3,97.009,3.533,14.7,43.9,151.8,80.8,77.92,13.2,2,2.4,0,0
BATCH-01592,68.83,2.479,50.5,157,64.4,6.75,167.1,99.834,3.261,28.9,51.2,180.6,53.6,70.36,12.1,2,2.8,0,0
BATCH-01593,67.67,2.529,23.3,104,46.4,7.3,318.8,98.093,1.244,33.8,59.4,204.8,78.0,79.19,3.6,0,5.1,1,0
BATCH-01594,73.3,2.924,44.9,74,44.0,7.0,258.7,95.181,2.188,30.3,55.0,189.0,74.3,89.39,1.5,0,4.4,1,0
BATCH-01595,60.92,1.377,46.6,153,43.0,7.1,168.1,95.305,2.036,33.1,47.7,171.9,79.7,86.56,0.5,1,1.0,0,0
BATCH-01596,62.84,2.197,42.2,107,40.6,7.1,200.8,98.243,3.098,24.3,63.0,164.7,95.5,86.36,0.9,0,0.5,0,0
BATCH-01597,57.17,2.606,57.9,105,55.5,7.33,230.1,99.294,1.517,25.2,66.8,137.3,110.8,76.68,3.7,1,11.9,1,0
BATCH-01598,61.45,3.1,49.2,76,34.3,6.97,231.3,95.574,2.421,28.8,53.4,157.4,90.2,93.96,1.8,2,1.2,0,0
BATCH-01599,68.02,2.254,58.1,164,48.5,7.02,217.7,98.675,1.951,21.0,55.8,127.2,61.5,84.85,0.5,2,4.1,1,0
BATCH-01600,71.06,1.562,42.8,88,41.2,7.51,250.1,99.996,2.879,29.6,44.4,159.4,74.8,85.27,3.0,2,7.1,1,0
BATCH-01601,57.62,2.81,54.4,121,37.4,6.4,195.1,100.832,2.327,26.9,52.1,161.0,88.9,92.52,6.9,0,1.4,1,0
BATCH-01602,71.96,2.182,61.4,143,70.9,6.29,185.3,98.497,2.072,26.2,58.6,101.0,87.2,77.07,11.1,0,4.0,1,0
BATCH-01603,75.85,1.905,58.1,131,49.2,6.09,186.1,98.76,2.329,32.6,57.5,151.0,94.8,86.83,4.4,1,0.5,0,0
BATCH-01604,68.31,2.188,34.1,119,51.1,6.91,234.3,94.8,4.129,15.4,51.4,160.4,78.5,88.39,6.4,0,14.0,1,0
BATCH-01605,80.01,2.408,42.5,77,56.4,5.69,214.6,101.15,2.166,28.2,53.1,147.9,74.5,80.64,2.3,0,0.5,0,0
BATCH-01606,58.81,2.198,41.5,100,30.8,7.08,211.7,97.137,1.667,48.5,51.9,159.0,106.3,90.22,3.4,1,2.3,0,0
BATCH-01607,55.04,1.397,49.9,125,62.5,6.73,231.8,96.6,2.967,21.3,53.1,116.5,80.9,88.82,6.5,0,3.1,0,0
BATCH-01608,50.77,2.949,51.9,100,20.0,7.48,118.0,97.617,2.385,40.3,58.0,130.6,64.7,84.19,6.5,0,6.3,0,0
BATCH-01609,76.97,3.137,36.6,125,37.3,6.4,212.4,100.268,1.368,30.4,41.2,175.9,102.1,83.94,2.8,0,0.5,0,0
BATCH-01610,70.23,2.826,45.7,137,40.4,6.68,208.7,101.312,4.285,25.2,54.5,150.0,57.6,89.19,3.9,2,2.3,0,0
BATCH-01611,64.56,1.931,24.8,144,50.8,7.47,266.8,98.188,2.218,19.4,57.4,158.5,40.0,91.31,12.9,0,1.4,0,1
BATCH-01612,67.24,2.399,59.4,89,47.2,7.63,138.9,99.497,2.198,31.1,51.0,136.3,91.5,85.5,5.0,0,1.5,1,1
BATCH-01613,56.0,2.497,39.9,175,43.3,6.39,262.3,98.065,2.628,41.6,51.6,150.5,93.7,93.96,5.1,2,6.0,0,0
BATCH-01614,84.57,2.799,45.6,139,44.9,6.91,203.0,96.443,3.884,26.9,51.8,92.4,86.2,90.27,7.7,0,0.5,0,1
BATCH-01615,66.03,2.834,41.9,120,35.2,6.98,219.6,100.215,1.156,29.4,51.6,171.2,60.5,70.69,0.6,0,5.5,0,0
BATCH-01616,65.88,2.133,56.5,147,30.0,7.02,267.0,97.067,2.721,38.1,55.0,195.2,79.1,73.76,3.7,1,6.7,0,0
BATCH-01617,70.81,2.541,16.6,179,52.3,6.64,222.4,100.303,4.17,32.7,55.9,123.4,75.8,94.46,16.0,0,9.3,1,0
BATCH-01618,68.85,2.729,44.8,84,51.9,7.57,216.0,99.948,2.603,17.4,40.3,126.5,71.9,83.03,2.2,0,3.9,1,0
BATCH-01619,66.79,3.228,43.9,114,60.8,5.67,209.7,98.921,1.512,30.8,59.6,161.0,101.2,86.31,1.7,2,1.6,0,0
BATCH-01620,58.68,2.852,40.5,61,37.1,6.55,180.7,100.743,2.005,42.1,53.0,186.8,64.3,94.11,4.6,0,2.2,0,0
BATCH-01621,68.77,2.895,62.3,125,51.9,7.07,198.9,101.349,2.666,29.7,68.5,149.9,84.7,84.95,1.2,1,14.0,1,0
BATCH-01622,80.06,2.542,36.1,129,42.2,7.07,171.4,97.737,3.565,10.0,46.7,119.3,97.9,85.3,4.1,1,8.5,0,0
BATCH-01623,75.76,3.205,52.7,119,56.9,7.61,198.2,96.787,2.229,33.1,48.9,144.8,85.7,78.05,0.8,0,2.5,0,1
BATCH-01624,77.75,2.705,48.6,104,55.2,7.52,106.6,95.204,3.161,28.4,53.6,124.3,98.6,87.96,4.3,1,11.5,1,0
BATCH-01625,60.91,2.069,57.6,69,47.1,6.63,217.2,101.367,1.352,15.4,57.9,133.3,88.5,89.69,4.6,0,6.9,1,1
BATCH-01626,57.08,3.202,38.3,129,41.6,7.58,195.1,97.34,1.345,16.6,41.3,142.4,86.4,80.38,2.7,0,9.3,0,0
BATCH-01627,63.99,2.849,37.7,156,54.6,6.37,186.6,99.703,2.114,37.8,49.2,126.8,85.5,77.62,2.4,1,4.6,0,0
BATCH-01628,65.45,2.278,56.0,105,51.5,7.36,208.8,96.888,3.65,24.1,59.1,130.6,89.2,100.0,1.4,0,7.8,1,0
BATCH-01629,73.75,2.26,49.3,131,38.2,7.89,142.7,100.307,2.555,22.7,48.4,151.9,74.2,84.26,2.0,1,8.9,0,0
BATCH-01630,51.46,2.648,29.6,81,31.7,7.53,277.2,96.95,2.732,29.7,64.6,155.4,60.5,79.53,3.4,0,0.5,1,0
BATCH-01631,77.24,2.732,39.6,131,42.1,6.86,195.9,96.212,2.722,24.8,51.8,114.4,94.3,90.65,1.4,0,13.4,0,0
BATCH-01632,63.74,2.599,48.9,110,60.2,6.6,194.2,97.687,3.387,30.8,48.7,159.9,97.4,84.59,7.6,1,1.6,0,0
BATCH-01633,61.58,2.656,53.4,101,56.5,5.88,161.4,97.202,2.012,28.4,59.3,140.5,83.8,76.31,6.2,0,2.3,0,0
BATCH-01634,56.9,3.35,38.2,101,33.9,6.99,201.0,98.894,3.051,20.4,66.3,168.0,71.8,88.86,1.6,2,6.3,1,0
BATCH-01635,51.76,3.036,15.9,110,33.3,6.13,255.5,97.923,1.835,25.9,57.9,169.5,56.6,78.18,0.5,1,4.4,1,0
BATCH-01636,71.59,2.595,50.2,130,57.7,6.32,241.4,98.942,4.087,33.5,63.8,136.4,81.3,97.61,0.5,2,8.9,1,0
BATCH-01637,65.59,2.971,32.8,87,33.6,6.09,234.2,97.563,1.86,30.3,66.7,165.4,59.8,88.96,4.5,0,2.0,0,1
BATCH-01638,54.68,1.984,24.8,110,50.1,6.52,221.9,97.002,1.794,29.3,48.5,129.1,57.7,82.78,1.2,2,1.9,1,0
BATCH-01639,54.64,2.699,16.7,119,38.8,6.78,185.7,97.125,2.94,45.5,61.6,183.1,79.7,85.87,0.5,1,0.5,1,1
BATCH-01640,62.31,3.405,53.1,93,61.2,6.96,142.0,101.067,2.564,35.8,44.3,130.0,68.5,92.23,2.2,1,2.5,0,0
BATCH-01641,78.35,2.391,46.3,165,37.3,6.44,192.0,98.338,2.761,36.8,58.0,158.8,85.2,86.49,16.4,2,5.2,1,0
BATCH-01642,62.92,2.076,42.7,99,56.4,7.44,190.6,95.024,2.682,28.7,54.5,145.3,77.6,100.0,5.9,1,1.4,1,0
BATCH-01643,52.97,2.174,58.9,103,46.8,6.68,242.0,97.22,1.628,31.8,63.7,124.6,70.9,94.09,9.8,2,2.5,1,0
BATCH-01644,63.03,1.955,51.4,96,47.5,6.33,212.4,98.145,3.791,26.6,63.2,172.5,54.4,88.9,0.8,1,1.0,1,1
BATCH-01645,62.82,2.108,61.2,165,25.3,6.94,264.5,100.768,3.215,36.2,59.0,134.6,67.2,77.5,0.5,1,5.9,1,0
BATCH-01646,43.42,2.315,31.1,134,23.0,7.98,247.9,99.543,3.587,29.1,57.1,107.5,67.8,83.82,0.5,0,0.5,1,0
BATCH-01647,64.57,1.797,44.7,97,42.8,7.0,181.7,96.617,2.077,31.8,58.6,80.0,61.6,88.83,15.6,0,4.9,0,0
BATCH-01648,63.15,2.508,28.8,148,47.5,6.58,128.2,101.628,2.833,31.3,55.4,128.1,75.1,78.42,1.8,1,1.9,1,0
BATCH-01649,70.57,2.951,42.7,125,33.7,5.88,255.4,97.953,2.658,29.9,54.6,184.4,62.8,95.35,3.1,2,0.5,0,0
BATCH-01650,79.79,2.046,42.5,126,34.1,6.67,254.4,99.869,3.402,53.5,65.1,181.4,77.5,77.21,2.5,1,7.7,1,0
BATCH-01651,74.01,3.26,51.3,111,50.6,6.94,145.4,96.267,3.428,24.7,65.9,132.0,83.6,79.9,6.6,1,2.7,1,0
BATCH-01652,62.85,2.755,45.5,101,50.6,6.57,260.4,94.403,2.654,24.6,54.0,140.6,67.6,80.5,1.9,1,3.7,1,0
BATCH-01653,56.15,3.015,51.2,128,43.6,5.8,215.3,95.887,1.286,35.6,56.7,138.4,86.4,90.95,3.8,0,5.3,1,0
BATCH-01654,85.59,2.171,52.0,106,52.8,6.29,206.4,93.124,3.924,25.2,55.6,116.7,59.6,78.56,20.0,0,4.3,0,1
BATCH-01655,65.47,2.927,66.5,165,33.3,7.67,264.6,101.168,2.945,27.7,43.7,126.3,63.3,70.6,2.9,0,5.3,0,0
BATCH-01656,65.11,1.954,41.8,88,41.4,7.66,253.8,98.322,2.013,21.3,52.6,174.5,78.3,93.7,4.0,0,5.7,0,0
BATCH-01657,64.81,2.945,35.6,158,61.5,6.27,226.1,96.613,2.825,33.9,66.2,162.6,90.3,81.44,3.5,1,3.6,0,0
BATCH-01658,66.58,2.586,47.5,117,45.7,7.2,218.9,98.679,1.291,34.0,49.8,156.8,93.0,76.45,8.1,2,1.8,1,0
BATCH-01659,63.85,2.777,37.0,127,46.3,6.09,224.7,98.284,3.344,27.5,69.8,116.6,104.2,78.96,1.6,0,1.1,0,0
BATCH-01660,60.41,1.912,59.8,141,68.1,7.64,184.0,98.931,1.323,35.7,63.2,152.5,74.4,98.73,0.9,0,9.3,0,1
BATCH-01661,60.63,2.052,42.2,104,31.0,6.95,197.8,99.814,2.323,15.1,57.8,92.4,78.1,79.74,7.0,0,14.0,0,1
BATCH-01662,64.74,2.799,39.3,142,53.0,7.37,163.9,97.565,2.696,24.3,58.9,171.1,64.5,84.01,2.7,0,1.8,0,0
BATCH-01663,60.65,2.026,40.3,52,61.6,5.77,186.7,96.68,3.331,28.6,48.6,156.5,61.2,81.42,12.3,0,0.5,1,0
BATCH-01664,59.3,2.732,52.2,102,41.8,7.21,185.3,99.242,2.585,20.6,53.1,116.4,83.4,75.14,5.2,0,1.0,1,0
BATCH-01665,65.85,1.816,43.4,97,53.6,6.8,174.6,99.203,3.008,16.0,65.1,190.4,68.4,79.06,4.2,0,4.4,0,0
BATCH-01666,62.96,2.924,38.6,89,35.2,7.31,205.5,98.151,2.477,27.5,50.7,105.1,98.5,74.59,0.5,2,0.8,1,1
BATCH-01667,77.03,1.884,61.7,115,38.1,7.35,187.0,101.266,2.474,35.6,62.4,163.3,58.1,92.65,6.6,0,6.1,0,0
BATCH-01668,43.79,2.776,36.4,130,48.8,6.84,220.1,97.343,2.568,40.3,45.4,163.9,87.3,85.81,5.8,1,10.3,1,1
BATCH-01669,73.73,2.813,45.4,138,53.0,6.44,135.1,96.65,2.349,25.6,46.6,119.0,64.9,100.0,5.1,1,13.3,0,0
BATCH-01670,74.97,2.152,51.5,126,56.2,7.27,195.5,98.627,1.151,35.9,68.3,149.1,67.7,79.33,1.6,0,0.5,1,0
BATCH-01671,48.41,2.791,28.7,103,60.7,6.76,205.3,96.988,1.885,35.1,54.9,109.1,88.1,78.13,14.7,2,12.7,0,0
BATCH-01672,62.26,2.63,49.8,129,44.3,6.28,187.6,98.743,2.696,39.7,51.2,80.0,69.9,97.27,1.9,1,5.4,1,0
BATCH-01673,62.03,2.231,34.4,123,56.9,6.25,193.1,96.75,2.301,27.2,64.5,123.3,72.3,93.46,0.8,0,0.5,0,0
BATCH-01674,53.74,1.996,53.2,143,41.6,5.91,136.6,97.4,2.375,15.6,63.7,134.6,67.8,88.08,20.0,0,2.1,0,0
BATCH-01675,58.78,1.519,35.4,139,54.0,6.49,214.3,100.836,2.241,30.6,61.4,166.1,106.8,76.09,6.9,1,4.8,0,0
BATCH-01676,56.12,2.675,51.9,121,47.1,7.46,225.9,97.392,1.809,21.9,51.0,151.7,70.7,98.96,2.7,0,12.6,0,0
BATCH-01677,79.02,1.718,56.1,98,49.5,6.91,219.7,96.802,2.106,24.2,53.0,152.3,80.8,84.42,13.7,0,0.7,1,0
BATCH-01678,72.49,2.548,53.6,104,49.2,6.48,241.5,99.756,2.255,27.6,57.2,124.6,77.0,81.55,0.5,0,0.5,0,0
BATCH-01679,75.17,2.368,47.5,106,29.0,7.28,208.1,96.423,2.504,27.3,59.9,136.7,83.3,94.14,0.5,0,2.6,1,0
BATCH-01680,70.77,2.84,42.7,112,33.8,6.3,219.1,96.961,2.815,31.1,51.4,126.8,70.8,84.82,5.7,1,13.8,1,0
BATCH-01681,55.97,2.349,39.2,127,46.0,6.86,206.2,98.865,2.356,35.6,56.2,119.4,77.0,75.67,1.0,2,14.2,0,0
BATCH-01682,60.8,2.335,59.7,138,28.1,6.69,227.5,99.408,1.676,27.1,56.9,135.2,85.9,85.32,12.5,1,1.0,0,0
BATCH-01683,68.91,2.866,38.0,119,53.3,7.27,136.9,99.831,1.382,33.2,64.0,151.9,67.1,78.75,9.2,0,1.5,1,0
BATCH-01684,55.22,2.668,34.6,120,53.7,5.85,164.3,96.879,4.578,30.1,60.3,135.7,96.3,60.93,1.8,2,9.5,0,1
BATCH-01685,70.7,2.658,51.7,124,48.3,6.29,263.5,98.894,1.596,37.5,44.5,141.9,97.8,77.95,11.0,1,5.3,0,0
BATCH-01686,63.08,2.735,37.0,107,33.8,5.82,101.6,97.301,2.085,28.5,53.5,167.4,89.1,80.78,0.5,1,14.3,1,0
BATCH-01687,62.0,1.732,35.5,97,58.8,6.64,194.4,97.092,2.914,29.4,48.5,137.5,81.0,75.75,4.0,0,8.9,0,0
BATCH-01688,70.69,2.878,30.6,76,65.4,7.53,246.9,99.805,2.789,27.0,59.0,116.7,40.0,89.6,13.7,0,1.0,0,0
BATCH-01689,68.55,2.806,40.2,103,46.5,6.5,196.3,97.176,2.917,28.7,61.5,164.1,86.4,78.78,9.7,2,5.7,0,0
BATCH-01690,62.11,1.992,44.2,132,50.1,6.49,183.8,98.417,2.146,23.7,55.7,156.6,74.1,88.83,2.2,0,0.5,1,0
BATCH-01691,74.27,2.378,47.4,102,47.0,7.32,205.2,98.233,2.691,22.9,53.1,158.2,76.3,75.13,1.0,1,6.8,0,0
BATCH-01692,56.35,2.48,54.5,114,50.3,7.44,185.9,96.394,2.549,36.2,55.5,165.6,51.5,92.27,1.2,1,3.7,1,1
BATCH-01693,69.93,2.433,50.3,132,43.8,6.75,201.2,99.449,2.25,21.3,56.5,161.4,87.4,74.79,3.6,0,12.5,0,0
BATCH-01694,69.74,2.667,43.1,133,44.7,7.21,172.7,98.84,2.696,27.4,50.5,150.7,58.3,66.27,4.5,1,12.9,0,1
BATCH-01695,62.52,3.216,43.0,93,54.1,6.15,244.3,95.021,3.344,38.1,46.5,209.8,81.8,94.9,0.5,0,0.5,1,0
BATCH-01696,67.61,3.041,50.1,145,68.5,7.63,256.9,98.416,2.482,27.2,40.6,117.9,93.6,78.15,2.7,1,0.7,0,0
BATCH-01697,54.99,1.844,57.7,148,31.0,8.09,194.7,96.841,2.488,36.6,63.9,135.3,73.0,99.06,8.9,2,2.6,0,1
BATCH-01698,72.39,2.811,46.3,92,44.0,7.11,144.5,99.646,3.355,25.3,58.5,174.2,98.2,89.52,2.9,2,8.5,0,0
BATCH-01699,63.52,3.164,40.3,99,33.2,5.55,179.0,95.832,3.269,21.6,57.5,153.6,68.8,91.32,0.9,2,6.7,1,0
BATCH-01700,60.82,2.693,35.1,150,60.9,6.47,192.6,97.465,3.767,17.2,63.9,168.9,89.0,93.36,15.5,1,13.3,0,0
BATCH-01701,73.39,3.045,30.5,116,39.1,7.17,220.2,98.543,1.095,40.5,46.2,154.2,60.4,85.9,1.5,1,3.9,1,1
BATCH-01702,59.37,3.506,51.7,65,30.6,6.55,159.7,98.082,3.224,20.9,42.9,184.4,95.5,85.99,8.0,1,1.2,0,1
BATCH-01703,53.73,3.012,50.8,85,51.4,7.56,169.2,99.144,2.981,36.0,57.7,124.8,93.1,95.25,1.1,0,0.5,0,0
BATCH-01704,52.55,2.625,50.8,114,62.4,7.15,220.4,95.722,1.791,22.0,57.1,183.6,87.0,85.89,2.8,0,1.0,0,0
BATCH-01705,69.85,3.023,43.7,91,51.6,6.38,237.6,100.478,2.701,40.5,42.9,179.3,74.1,79.17,3.4,1,4.5,1,0
BATCH-01706,54.76,2.572,59.1,110,47.0,6.82,175.1,98.788,3.341,47.7,57.5,119.7,59.0,89.69,3.5,0,10.4,1,0
BATCH-01707,79.04,2.512,40.2,121,49.1,6.26,146.7,100.04,1.837,16.5,52.2,165.8,74.1,68.09,3.6,2,1.5,1,0
BATCH-01708,48.34,2.324,54.6,157,59.1,6.69,331.4,99.311,2.854,21.3,49.4,148.9,96.7,95.56,1.3,0,8.3,0,0
BATCH-01709,78.57,3.282,44.6,113,36.3,6.47,231.3,97.983,3.197,36.2,52.7,134.8,81.9,95.72,3.6,0,2.0,0,0
BATCH-01710,66.69,2.091,38.9,147,43.9,7.5,189.3,96.074,1.643,34.1,37.9,102.8,56.7,94.59,3.3,0,1.5,1,0
BATCH-01711,64.23,3.266,50.9,156,40.5,8.07,234.8,97.155,2.386,36.2,50.9,124.7,63.1,94.28,1.2,2,2.8,1,0
BATCH-01712,60.64,2.75,49.1,156,33.3,5.94,195.0,100.384,2.741,25.4,50.1,167.7,98.8,84.33,20.0,2,2.3,1,0
BATCH-01713,68.19,1.8,48.6,127,41.7,5.65,234.7,100.078,1.863,45.9,58.9,170.3,87.3,84.15,10.0,0,9.8,0,0
BATCH-01714,64.7,2.684,45.8,71,56.1,6.65,206.4,97.071,1.797,30.9,53.9,144.7,61.5,75.16,10.9,1,2.5,1,0
BATCH-01715,73.83,1.45,44.6,132,50.7,5.89,203.7,93.773,2.392,20.3,59.5,170.4,53.5,98.98,5.8,1,1.3,0,1
BATCH-01716,65.91,2.813,68.9,146,51.4,6.83,195.5,97.681,3.141,28.0,37.2,173.6,70.6,81.12,0.9,1,7.4,0,0
BATCH-01717,66.2,2.943,56.8,118,46.5,7.25,142.1,97.568,3.015,20.4,49.1,153.9,52.2,87.72,4.2,1,15.0,1,0
BATCH-01718,62.09,2.204,52.2,164,50.2,7.7,277.5,97.625,1.811,42.7,58.9,131.9,77.7,87.03,8.6,0,4.2,1,0
BATCH-01719,64.54,2.562,46.1,141,37.0,6.92,162.3,98.793,3.022,24.7,52.8,161.0,116.8,74.28,0.5,1,1.2,0,0
BATCH-01720,67.46,3.477,55.1,134,41.9,6.68,145.6,99.314,1.831,33.9,60.9,162.2,56.0,71.04,3.4,0,1.1,1,0
BATCH-01721,51.32,2.247,50.2,147,46.9,5.61,191.5,99.485,1.212,26.2,42.4,166.8,77.2,85.04,2.5,0,0.5,0,0
BATCH-01722,54.21,1.971,45.3,128,47.8,6.82,161.5,98.669,2.206,25.1,60.1,171.6,99.7,81.37,1.2,0,0.5,0,0
BATCH-01723,70.95,3.241,42.0,58,48.2,6.84,197.9,95.299,3.398,14.7,50.5,115.9,91.2,84.28,2.4,0,9.9,1,0
BATCH-01724,66.37,3.481,44.2,108,43.6,7.18,227.5,97.488,3.025,34.8,49.8,137.3,77.8,93.52,20.0,1,0.5,0,0
BATCH-01725,63.53,2.502,15.0,150,41.2,6.37,239.8,101.456,2.499,40.4,61.9,102.5,77.8,86.8,6.4,0,2.6,0,1
BATCH-01726,65.15,3.006,47.1,100,76.6,6.54,232.6,98.561,2.167,22.7,63.1,168.7,62.7,91.07,1.8,1,4.8,0,1
BATCH-01727,67.78,3.171,40.1,114,54.1,5.91,187.8,98.552,2.188,17.6,62.2,144.7,76.0,88.56,4.6,1,7.6,0,1
BATCH-01728,60.68,2.129,60.9,94,49.1,5.43,202.0,98.539,2.587,36.4,69.3,160.8,83.7,82.47,1.4,2,0.8,0,1
BATCH-01729,58.77,2.257,45.2,165,42.7,6.13,216.3,98.623,1.645,16.8,63.9,113.1,96.6,76.99,4.7,1,2.3,1,0
BATCH-01730,66.57,3.115,33.1,162,40.5,5.86,129.7,94.425,2.222,39.8,49.4,185.0,70.7,87.12,11.3,2,1.2,0,1
BATCH-01731,57.17,3.343,44.5,98,43.7,7.0,222.8,97.641,2.328,22.8,56.0,120.1,77.2,85.67,4.1,0,1.2,0,0
BATCH-01732,68.27,2.781,34.5,124,47.9,6.49,141.7,97.943,1.419,21.2,52.5,169.4,65.8,92.32,6.6,1,1.4,1,0
BATCH-01733,51.38,2.06,49.7,103,26.2,6.48,281.6,99.922,1.829,32.0,69.2,152.9,83.4,83.79,3.0,0,3.5,1,0
BATCH-01734,73.23,3.494,47.9,135,29.3,6.21,183.8,98.072,2.828,21.7,62.7,145.3,91.8,82.62,3.7,1,0.5,1,0
BATCH-01735,68.78,2.235,54.6,133,38.6,4.86,192.6,95.53,2.508,24.3,53.7,143.2,89.4,83.16,5.9,0,2.1,0,0
BATCH-01736,67.05,2.332,37.1,140,47.1,7.7,169.2,98.645,2.253,32.8,61.1,134.0,62.4,77.65,8.4,1,0.8,0,0
BATCH-01737,72.86,2.671,45.3,128,42.6,6.2,174.8,96.794,1.771,10.6,46.4,182.4,82.2,96.58,5.4,0,13.7,1,0
BATCH-01738,78.32,3.277,31.3,193,59.8,6.55,291.0,96.175,3.761,43.1,56.8,150.3,69.8,94.12,19.0,0,3.5,0,0
BATCH-01739,73.11,2.927,52.0,94,30.2,5.93,237.6,96.749,1.83,30.3,48.4,118.3,95.2,75.3,8.6,1,8.1,0,1
BATCH-01740,50.27,2.707,50.2,77,37.5,7.38,138.0,98.814,2.701,19.7,43.2,140.4,77.6,91.43,7.5,2,0.9,1,0
BATCH-01741,54.76,2.732,50.0,110,60.2,6.89,260.2,99.888,2.11,21.9,60.5,153.2,57.2,70.24,9.3,0,6.6,0,0
BATCH-01742,60.0,2.522,45.0,81,46.3,6.3,247.7,98.724,2.529,37.9,61.4,172.4,76.7,92.88,1.7,2,2.1,1,1
BATCH-01743,65.21,2.779,49.1,83,53.8,6.56,188.8,98.948,2.866,34.8,58.2,134.9,86.9,79.43,2.8,0,0.8,1,0
BATCH-01744,69.14,1.235,61.0,95,65.5,7.81,212.3,98.71,1.404,41.1,53.7,136.6,83.7,87.88,4.2,1,5.7,1,0
BATCH-01745,59.19,2.352,42.1,97,38.1,6.76,199.4,98.152,2.495,24.5,46.1,150.6,72.3,69.56,3.1,2,5.7,1,0
BATCH-01746,66.49,2.621,46.4,96,44.0,6.69,278.9,99.045,3.453,32.4,46.9,171.8,71.2,75.41,9.4,0,15.0,0,0
BATCH-01747,58.96,1.924,34.1,133,42.3,6.24,168.1,94.372,3.909,33.4,48.2,115.8,65.2,88.75,0.5,0,6.1,1,0
BATCH-01748,60.11,2.693,36.3,107,25.5,5.66,205.8,98.167,2.396,35.6,53.4,162.6,74.1,79.39,1.2,0,0.6,1,0
BATCH-01749,53.75,2.398,46.0,116,41.9,6.7,182.9,96.433,2.533,39.0,62.5,138.4,67.2,78.28,10.7,0,1.6,0,0
BATCH-01750,57.61,3.378,56.0,142,53.8,7.0,142.7,99.744,4.269,24.3,62.4,141.9,94.6,96.17,0.5,1,2.4,1,0
BATCH-01751,54.19,3.287,42.4,101,50.4,7.46,287.7,97.779,3.408,29.1,43.5,200.0,66.5,100.0,1.3,1,0.5,1,0
BATCH-01752,57.19,2.267,42.6,113,51.2,5.45,152.7,98.046,2.006,25.1,50.1,145.1,81.8,92.5,2.2,2,6.2,1,0
BATCH-01753,73.43,2.425,40.9,129,41.2,6.12,208.8,95.742,2.005,29.6,50.0,168.9,80.8,76.26,6.9,0,3.0,1,0
BATCH-01754,57.4,2.463,39.7,71,38.4,6.45,130.4,99.525,3.265,35.6,37.3,168.0,94.2,99.11,4.1,1,11.6,0,0
BATCH-01755,86.06,2.274,47.9,60,57.7,6.8,184.0,98.941,1.691,16.8,59.0,120.5,96.3,72.51,15.5,0,3.6,0,1
BATCH-01756,68.95,2.598,30.0,129,40.0,6.71,216.9,98.835,3.37,38.9,53.3,103.9,90.4,82.56,1.3,2,3.0,0,1
BATCH-01757,66.48,2.121,57.8,132,47.9,6.73,167.0,96.78,2.767,20.9,54.2,170.5,85.3,85.44,10.3,0,0.5,0,0
BATCH-01758,58.13,1.935,38.3,172,46.6,7.04,223.5,96.84,2.914,27.5,64.4,122.9,64.3,100.0,1.7,2,0.6,0,1
BATCH-01759,70.6,2.811,52.2,124,59.6,6.26,189.2,98.335,2.295,40.0,55.6,108.4,64.0,92.3,1.4,0,7.6,0,1
BATCH-01760,60.39,2.815,32.3,140,54.7,7.36,246.4,96.958,1.996,32.6,52.0,175.7,67.3,81.29,3.4,1,15.0,1,0
BATCH-01761,65.98,2.098,51.7,115,32.0,7.06,254.5,98.652,3.67,32.7,59.0,124.5,91.3,77.44,0.5,0,2.1,0,0
BATCH-01762,85.48,2.948,51.7,127,33.1,6.61,176.5,94.759,2.303,20.6,62.4,130.7,81.1,93.02,2.4,2,6.6,0,1
BATCH-01763,64.23,2.184,48.8,162,50.8,7.76,203.1,97.269,2.171,21.6,57.1,199.4,93.0,80.73,2.2,1,4.0,0,0
BATCH-01764,74.19,2.627,35.1,67,44.4,7.73,207.3,100.695,2.436,37.5,59.8,108.5,95.0,86.73,0.9,1,12.8,1,0
BATCH-01765,59.37,2.91,47.5,130,40.4,7.36,224.8,98.659,2.654,25.3,54.0,118.6,69.1,74.04,9.9,1,1.1,1,0
BATCH-01766,64.72,2.483,33.2,173,55.2,4.99,200.6,98.25,1.675,26.0,54.4,138.5,80.5,89.55,2.4,0,3.1,1,1
BATCH-01767,79.17,2.727,42.5,127,46.9,7.75,207.6,100.978,2.048,37.7,55.8,144.0,79.8,88.91,20.0,0,2.1,0,0
BATCH-01768,59.98,2.242,55.3,161,45.5,7.28,190.3,94.496,2.006,21.6,49.7,127.7,75.1,75.07,11.5,2,3.1,0,0
BATCH-01769,79.5,2.402,53.0,104,52.8,8.0,204.6,96.777,3.176,32.2,51.0,121.0,72.0,93.25,1.1,0,1.3,1,0
BATCH-01770,70.66,2.397,45.2,119,41.2,7.54,251.9,97.398,1.791,30.3,64.6,187.7,97.8,89.44,3.5,2,2.8,0,0
BATCH-01771,60.5,2.127,35.3,121,60.7,7.75,225.8,99.288,1.095,30.0,69.1,156.6,80.8,90.92,4.6,1,3.9,1,0
BATCH-01772,70.06,2.412,51.5,65,37.1,7.33,228.1,99.313,0.926,25.9,66.1,164.6,80.2,81.97,8.5,0,0.5,0,0
BATCH-01773,72.78,1.726,45.2,91,51.6,7.61,228.9,96.701,1.324,25.4,45.7,146.6,68.0,86.43,10.8,1,5.4,0,0
BATCH-01774,69.97,2.254,21.8,93,59.3,8.0,193.8,99.497,3.589,21.4,45.1,157.2,90.1,85.51,4.9,1,4.9,0,0
BATCH-01775,52.44,2.358,52.8,141,31.2,6.93,212.8,97.395,2.513,33.9,46.7,173.3,64.9,83.81,0.5,1,8.5,1,0
BATCH-01776,59.18,2.372,44.8,142,41.6,5.86,156.6,99.817,2.901,24.7,55.9,125.1,86.8,86.36,3.3,2,2.2,0,0
BATCH-01777,63.02,2.379,57.0,128,56.4,6.62,250.8,96.451,2.929,37.7,35.3,156.6,87.2,95.05,10.8,0,0.5,0,0
BATCH-01778,64.4,2.469,34.0,141,56.6,7.03,88.7,97.815,2.545,28.2,50.9,167.4,73.8,93.6,6.3,2,2.5,0,0
BATCH-01779,69.97,2.74,15.0,116,43.3,6.84,196.5,97.265,2.44,21.5,64.8,188.6,84.8,75.55,10.2,0,0.6,0,0
BATCH-01780,66.42,2.937,47.8,150,37.7,6.05,245.6,99.584,3.336,28.1,61.9,198.7,82.8,92.88,5.6,2,4.2,1,0
BATCH-01781,54.32,2.175,47.9,120,54.6,5.82,145.4,97.216,2.617,26.7,51.4,151.7,79.4,94.53,0.5,0,0.5,0,0
BATCH-01782,68.04,1.898,28.1,121,56.8,6.36,216.0,97.936,3.619,38.1,52.0,178.5,80.2,83.79,17.2,0,1.9,0,0
BATCH-01783,69.88,1.979,35.2,113,33.4,7.28,172.8,98.76,2.997,27.0,59.0,83.2,80.9,89.07,12.5,1,0.5,0,0
BATCH-01784,69.48,2.256,72.6,137,33.0,7.75,185.2,98.818,2.006,27.8,61.5,188.8,81.9,88.95,0.7,0,0.5,0,0
BATCH-01785,73.65,2.324,41.9,109,47.3,7.35,237.8,99.33,2.102,41.3,51.3,131.9,80.9,78.2,0.6,2,12.9,0,0
BATCH-01786,71.67,2.115,52.3,144,51.3,7.43,207.9,98.317,1.918,34.1,53.4,144.0,63.4,81.94,3.9,0,15.0,0,0
BATCH-01787,68.67,1.852,38.5,92,42.0,6.75,118.6,97.373,3.474,43.3,51.0,161.0,77.7,91.01,7.1,0,3.2,1,0
BATCH-01788,64.44,2.272,24.1,93,51.8,5.75,160.9,97.475,2.176,40.1,45.7,146.2,84.0,81.03,2.4,0,1.1,1,0
BATCH-01789,51.71,2.591,43.3,137,37.9,6.53,239.0,98.039,1.861,22.9,53.5,154.9,81.5,92.8,0.7,0,9.7,0,1
BATCH-01790,68.44,2.798,42.3,118,23.9,6.64,218.0,98.374,2.756,37.9,52.9,189.7,94.3,95.44,3.6,1,10.3,1,0
BATCH-01791,66.66,2.221,41.0,109,40.8,6.5,269.9,97.779,2.422,42.2,46.2,140.4,89.3,94.15,2.1,1,7.7,1,0
BATCH-01792,67.17,2.294,43.9,142,45.6,6.83,267.3,98.029,2.736,42.3,59.5,122.8,66.9,100.0,2.2,0,3.1,0,0
BATCH-01793,54.79,2.037,47.6,105,42.2,7.06,186.3,95.724,4.012,37.9,58.4,195.3,77.5,84.27,5.2,0,0.5,0,0
BATCH-01794,56.35,2.484,43.5,115,33.4,7.31,300.1,99.001,3.23,37.7,59.9,163.2,75.3,86.42,10.8,0,0.5,1,0
BATCH-01795,73.43,2.076,32.4,155,26.8,6.63,201.0,98.272,2.522,27.6,49.6,198.1,79.9,87.57,4.1,0,9.1,1,0
BATCH-01796,64.68,2.787,49.9,158,39.9,5.66,161.5,99.503,1.373,23.3,41.1,171.6,80.0,84.52,5.8,1,8.3,0,0
BATCH-01797,70.45,1.607,25.5,159,54.0,6.51,174.7,98.0,2.1,27.2,58.3,116.9,89.2,89.34,5.4,1,2.3,0,1
BATCH-01798,65.23,2.32,24.5,113,57.6,6.83,109.7,95.392,3.069,16.7,50.4,166.1,82.7,71.31,4.0,1,1.6,0,0
BATCH-01799,65.24,2.651,52.4,151,56.9,7.53,264.3,97.462,1.563,40.7,48.8,125.4,98.5,86.64,1.9,2,4.1,0,0
BATCH-01800,72.51,2.592,50.1,96,36.8,6.46,263.8,97.7,4.213,27.7,46.2,150.2,83.6,73.98,2.4,2,6.6,1,0
BATCH-01801,60.87,3.847,44.4,97,33.5,7.11,159.4,99.114,2.512,40.3,53.1,148.1,67.5,77.3,1.9,0,5.3,1,0
BATCH-01802,65.77,2.675,31.0,61,50.0,6.97,190.9,94.895,2.539,20.1,66.0,109.6,73.0,90.86,12.5,0,3.8,1,0
BATCH-01803,61.3,1.998,37.9,162,51.4,6.83,203.8,98.062,1.967,38.7,51.5,129.7,89.1,83.41,8.8,2,1.1,0,0
BATCH-01804,61.52,2.452,42.4,98,49.0,7.36,161.6,98.771,2.897,26.0,47.4,205.1,55.8,90.58,4.3,1,1.2,0,0
BATCH-01805,62.53,1.612,29.0,117,24.9,6.4,129.8,97.008,1.574,19.7,59.6,156.0,59.8,83.23,12.2,0,5.2,1,1
BATCH-01806,66.78,2.46,37.6,97,36.3,6.45,191.6,98.112,4.232,43.0,56.2,145.6,80.2,93.85,10.9,1,6.5,0,0
BATCH-01807,61.17,2.083,51.5,137,44.7,6.79,187.2,97.059,3.554,38.9,40.2,195.3,94.3,83.09,13.1,2,0.5,1,0
BATCH-01808,75.05,2.958,59.3,111,49.9,6.42,184.5,96.906,3.287,31.7,59.6,140.1,99.6,69.36,1.3,2,0.8,1,1
BATCH-01809,57.84,2.225,40.8,87,52.7,7.1,208.9,97.387,1.388,30.3,69.9,147.7,76.7,86.8,6.3,0,4.6,1,0
BATCH-01810,63.51,2.442,52.6,131,46.4,6.37,257.2,96.934,2.664,33.5,36.8,174.8,95.9,67.65,4.7,2,2.0,1,0
BATCH-01811,61.48,2.182,25.9,84,48.3,6.94,187.9,99.025,3.467,31.6,46.4,140.0,81.1,73.38,6.6,2,3.3,1,0
BATCH-01812,76.58,3.369,51.6,99,45.8,6.74,206.8,96.898,2.974,23.7,35.1,131.3,57.0,77.94,1.5,0,3.8,0,0
BATCH-01813,66.57,2.339,37.0,67,51.9,6.93,229.1,96.646,1.698,26.7,54.5,93.7,79.9,76.94,5.9,2,6.0,1,0
BATCH-01814,73.25,3.416,48.1,84,48.1,6.52,222.2,100.652,1.98,45.7,61.9,126.6,70.7,80.64,2.6,2,6.6,0,0
BATCH-01815,53.12,2.907,42.5,124,45.7,6.6,175.4,99.441,2.138,51.4,55.7,126.3,93.8,76.66,9.0,0,1.3,1,0
BATCH-01816,67.14,2.741,58.2,71,42.3,6.86,203.9,95.208,2.017,42.5,64.7,154.0,79.6,73.75,7.9,1,3.1,0,0
BATCH-01817,72.12,2.684,36.3,83,45.8,6.92,221.9,96.853,3.723,33.8,60.8,134.7,60.8,97.33,1.2,0,0.5,0,0
BATCH-01818,65.66,2.697,51.3,120,49.8,6.8,154.9,98.364,0.963,27.3,66.9,204.0,57.5,79.57,1.0,1,7.4,1,0
BATCH-01819,73.52,1.536,42.2,106,47.7,7.82,250.5,98.486,3.025,23.6,63.1,123.6,79.7,67.15,6.3,2,7.5,1,0
BATCH-01820,60.86,2.361,43.4,170,48.8,6.21,257.3,95.764,1.466,24.1,52.2,185.0,43.7,82.11,4.0,0,1.4,1,0
BATCH-01821,76.27,2.923,43.2,166,58.4,6.76,171.1,99.738,1.731,25.6,55.5,155.5,72.2,76.0,4.1,0,0.7,0,0
BATCH-01822,83.39,2.476,36.5,98,47.7,5.86,207.7,99.238,0.892,47.2,48.9,170.2,83.5,77.92,7.0,2,0.5,1,1
BATCH-01823,62.1,1.797,44.9,134,38.5,7.02,225.7,98.723,2.061,44.5,53.4,168.7,64.1,90.68,9.7,2,3.4,0,0
BATCH-01824,61.44,2.474,44.4,139,53.8,6.13,178.2,100.035,3.709,36.0,55.4,94.5,94.9,81.41,1.4,0,0.5,0,1
BATCH-01825,76.63,3.352,47.4,105,31.3,6.63,219.3,98.678,2.712,22.3,54.4,149.7,97.9,75.78,4.1,2,4.6,1,0
BATCH-01826,77.64,3.123,45.8,83,34.2,6.58,206.5,98.673,1.541,37.1,64.4,143.4,64.7,88.57,8.8,0,4.5,1,0
BATCH-01827,60.82,2.469,53.0,120,48.4,6.97,141.3,100.337,3.314,28.1,52.7,121.7,75.5,94.2,10.3,0,3.8,0,0
BATCH-01828,61.64,2.976,54.2,116,50.2,6.47,218.4,99.652,3.485,12.8,48.5,161.5,94.9,89.29,1.7,1,8.4,0,0
BATCH-01829,62.75,2.317,34.5,109,32.5,6.44,156.0,96.738,2.583,32.3,48.9,192.9,80.0,65.37,0.5,1,1.9,1,0
BATCH-01830,54.24,1.648,53.7,131,41.2,7.66,237.6,98.95,4.128,23.3,59.6,83.2,59.1,76.08,1.3,1,9.3,1,0
BATCH-01831,57.65,2.038,33.1,101,38.9,6.97,173.2,97.004,3.157,23.5,45.2,136.6,77.9,85.38,14.5,0,0.5,0,0
BATCH-01832,56.97,3.281,50.9,91,40.1,6.46,193.5,98.756,3.046,28.0,53.6,118.9,67.2,83.05,3.1,0,0.5,1,0
BATCH-01833,58.86,2.363,51.2,123,54.4,6.65,254.9,98.715,1.857,26.0,64.3,151.8,96.6,82.38,2.7,2,2.1,1,0
BATCH-01834,64.72,2.378,25.9,130,52.1,7.79,219.9,95.925,3.002,29.7,57.0,141.9,89.1,77.14,0.5,0,3.6,0,0
BATCH-01835,66.87,2.35,45.9,91,44.8,6.66,156.8,97.817,2.673,29.3,54.5,134.9,75.3,73.76,0.5,0,0.5,0,0
BATCH-01836,77.4,3.452,40.3,143,39.5,6.39,159.4,98.398,2.916,15.0,54.7,167.2,82.1,100.0,5.5,2,3.4,0,0
BATCH-01837,57.01,3.313,37.4,76,31.5,6.39,176.0,97.346,1.952,42.2,47.8,190.9,60.4,85.22,4.5,1,1.5,1,0
BATCH-01838,72.87,3.609,58.5,106,59.2,6.47,215.8,98.472,2.602,22.1,49.0,216.5,68.7,90.14,4.3,0,8.7,0,0
BATCH-01839,63.29,2.42,38.5,114,50.9,6.44,214.3,99.209,1.847,22.4,53.6,131.5,103.3,85.05,0.6,0,3.0,1,0
BATCH-01840,64.6,2.648,36.9,104,37.9,6.03,166.3,97.954,0.782,27.4,56.9,104.5,80.8,85.37,2.2,2,3.5,1,0
BATCH-01841,70.4,1.742,45.8,106,52.2,6.13,153.3,98.337,3.299,29.1,61.6,164.0,94.0,84.5,8.4,2,11.6,1,0
BATCH-01842,56.02,3.238,51.9,167,44.3,6.3,211.3,100.075,1.298,41.7,55.6,190.3,83.5,76.04,1.0,0,5.8,0,0
BATCH-01843,68.06,1.916,43.6,99,42.1,7.15,192.7,98.71,2.586,32.2,64.5,170.3,99.7,72.88,10.7,1,2.3,0,0
BATCH-01844,66.33,2.608,56.7,181,49.4,6.57,286.3,98.301,2.766,34.5,66.2,190.2,50.0,88.09,0.6,0,2.6,1,0
BATCH-01845,68.94,1.951,50.3,131,37.6,6.68,201.5,96.563,2.761,32.2,60.6,144.4,77.2,86.5,0.9,2,4.2,1,0
BATCH-01846,67.31,2.206,23.2,122,41.6,7.56,272.6,99.007,2.274,31.9,63.6,134.8,104.7,92.51,3.2,0,0.9,0,0
BATCH-01847,84.64,2.081,39.7,132,46.2,7.58,153.2,98.495,2.717,32.5,48.1,152.9,94.3,90.88,14.5,1,0.5,0,0
BATCH-01848,59.9,2.196,39.4,183,40.0,6.63,137.1,99.926,2.877,14.5,47.0,141.7,99.9,78.53,2.0,1,1.5,1,0
BATCH-01849,60.75,2.23,49.8,95,51.7,6.42,155.2,98.07,3.088,28.0,58.6,166.6,79.9,94.06,5.4,1,6.0,0,0
BATCH-01850,60.01,2.226,18.8,92,63.7,6.28,247.6,95.276,3.887,39.3,45.6,174.2,71.9,91.12,4.4,2,1.2,1,0
BATCH-01851,60.56,2.917,70.5,101,37.5,7.22,270.2,95.45,2.687,60.0,53.0,176.2,64.6,90.53,0.8,0,0.6,0,0
BATCH-01852,59.9,1.948,50.3,121,28.3,6.68,168.7,99.104,2.551,20.4,60.4,162.8,63.5,100.0,1.4,2,1.0,1,0
BATCH-01853,74.51,2.61,46.5,77,25.0,6.57,181.6,97.145,1.775,33.4,64.9,156.1,92.1,100.0,13.3,0,4.5,0,0
BATCH-01854,76.36,3.109,56.8,121,43.5,6.31,153.2,98.655,2.849,25.4,53.2,169.9,87.7,90.52,1.0,0,3.8,1,0
BATCH-01855,60.43,2.243,68.4,162,38.4,6.34,127.5,98.171,3.034,46.4,50.5,100.9,79.0,89.52,5.9,0,4.7,0,1
BATCH-01856,58.34,2.141,53.7,124,47.1,6.99,228.7,97.75,2.346,19.2,57.2,155.3,87.6,93.65,16.7,0,1.6,0,0
BATCH-01857,68.77,2.385,54.5,113,46.3,6.01,208.9,97.855,2.936,35.0,47.5,151.3,82.1,80.33,0.6,0,9.2,0,0
BATCH-01858,60.58,3.09,46.3,105,29.0,7.4,200.4,96.702,2.266,18.7,53.8,155.3,94.4,80.44,2.5,2,2.4,1,0
BATCH-01859,70.06,2.597,43.6,142,26.9,6.48,144.0,97.976,3.037,27.5,54.9,147.8,94.3,90.39,1.3,1,2.9,0,0
BATCH-01860,66.62,2.234,40.2,99,48.0,6.71,265.6,97.123,3.23,29.7,54.8,160.8,64.0,78.15,1.3,2,11.9,0,0
BATCH-01861,52.87,2.742,36.7,166,46.4,6.0,179.9,97.442,3.219,38.6,55.6,135.6,84.1,89.74,0.6,1,15.0,1,0
BATCH-01862,77.38,1.949,38.1,168,40.7,6.79,221.3,97.515,2.594,21.4,49.2,178.2,55.0,86.25,5.2,0,4.3,0,1
BATCH-01863,79.37,2.841,31.5,126,28.4,6.6,141.8,97.66,1.668,35.3,49.9,161.8,82.0,78.15,6.9,0,11.6,0,0
BATCH-01864,60.1,2.704,44.2,120,49.7,6.77,192.4,99.383,2.01,30.2,49.8,153.8,89.1,85.21,5.6,2,3.1,1,0
BATCH-01865,61.9,2.346,28.2,146,57.7,7.68,211.7,97.805,2.976,32.2,43.7,132.6,60.3,95.44,12.9,0,1.5,1,0
BATCH-01866,67.29,2.081,46.9,147,47.8,6.91,213.1,99.536,4.459,37.7,57.4,170.4,73.8,85.66,0.8,0,1.5,0,0
BATCH-01867,67.68,2.057,44.6,100,36.5,6.32,206.2,100.307,2.227,19.7,61.3,155.2,80.1,85.69,1.9,0,3.3,1,0
BATCH-01868,70.27,2.767,46.5,107,45.4,6.37,219.8,99.282,2.865,36.5,60.6,131.1,83.5,87.63,2.1,0,3.7,0,0
BATCH-01869,81.08,3.114,39.8,87,31.3,7.16,154.8,98.802,2.055,25.4,53.2,148.6,75.8,88.67,1.3,1,2.3,0,0
BATCH-01870,63.58,2.181,75.8,130,55.6,7.58,207.9,98.49,1.721,38.8,49.3,165.7,62.4,82.35,0.8,0,8.6,0,0
BATCH-01871,58.61,2.729,58.6,137,45.8,6.97,204.6,99.298,1.959,32.7,60.2,163.8,79.2,87.8,3.3,1,2.2,0,0
BATCH-01872,53.97,1.456,32.6,86,27.3,7.21,209.3,98.134,0.834,28.3,59.5,162.2,55.2,76.61,9.0,0,1.3,0,0
BATCH-01873,59.15,2.208,47.3,109,42.0,7.17,202.9,99.477,3.583,25.3,56.5,152.3,76.5,78.61,15.5,1,0.5,0,0
BATCH-01874,64.73,2.484,38.9,86,49.6,7.65,149.1,98.921,0.716,36.6,67.2,175.6,73.4,79.63,0.7,2,14.1,0,0
BATCH-01875,79.36,2.045,34.9,98,41.7,5.63,147.3,97.46,2.289,40.1,54.8,180.9,78.0,88.76,8.7,1,7.0,0,0
BATCH-01876,60.86,2.032,31.6,134,42.2,7.2,111.4,99.344,1.557,25.7,53.2,168.4,71.6,86.28,8.7,0,3.8,0,0
BATCH-01877,66.79,2.166,49.3,102,32.8,7.39,232.7,98.137,1.792,20.9,52.2,135.3,57.4,83.93,2.5,0,7.1,0,0
BATCH-01878,64.87,2.646,38.2,112,50.7,6.0,233.1,97.841,3.601,35.6,44.1,123.5,74.5,90.53,0.6,2,6.6,0,0
BATCH-01879,74.51,2.406,54.7,79,38.5,6.27,233.7,97.286,2.661,18.4,59.6,136.4,94.0,88.03,20.0,0,10.7,0,0
BATCH-01880,85.22,1.381,54.9,125,23.4,6.29,212.3,98.249,1.728,19.6,54.3,198.8,98.9,82.68,5.3,0,2.0,1,0
BATCH-01881,60.75,1.44,58.7,119,41.3,6.36,114.7,99.495,2.028,21.5,58.6,157.0,116.6,76.72,20.0,2,3.2,1,1
BATCH-01882,61.08,2.197,36.5,102,54.8,6.51,158.9,99.333,1.888,26.7,67.9,203.2,105.4,78.44,3.3,2,0.5,1,0
BATCH-01883,73.35,2.729,49.8,115,41.1,6.95,206.8,98.53,2.465,19.3,52.3,147.0,62.0,73.27,2.5,2,13.4,1,0
BATCH-01884,70.46,1.126,51.3,125,62.4,7.32,205.4,98.899,2.638,14.5,38.6,143.5,73.9,86.12,1.4,2,15.0,0,1
BATCH-01885,79.77,2.25,40.3,100,49.3,7.45,191.1,99.908,4.016,20.9,58.4,148.1,79.7,78.1,20.0,2,6.2,1,0
BATCH-01886,69.67,2.237,37.3,83,48.4,6.3,214.8,97.775,0.967,35.1,56.2,147.7,78.7,81.04,1.5,1,2.4,1,0
BATCH-01887,62.13,3.194,61.1,165,43.7,6.29,200.5,96.327,2.472,19.8,49.9,130.7,81.0,83.98,0.5,0,2.7,0,0
BATCH-01888,69.73,2.307,47.3,104,44.3,7.59,204.8,99.952,2.248,27.3,57.8,121.3,116.1,93.35,3.6,2,2.3,1,0
BATCH-01889,73.87,2.691,51.4,118,42.4,7.19,174.4,97.205,3.257,45.6,60.5,162.5,63.8,92.43,2.4,2,1.4,0,0
BATCH-01890,71.56,2.571,36.8,145,42.0,6.85,239.3,96.964,2.784,29.6,48.4,176.4,69.3,84.56,1.5,0,3.0,0,0
BATCH-01891,69.06,1.435,32.8,208,50.3,7.08,182.8,95.306,2.972,32.7,52.9,211.1,104.7,95.12,5.0,0,0.5,0,0
BATCH-01892,73.53,2.884,39.3,89,35.6,6.78,146.8,98.857,2.776,22.4,65.3,139.2,70.8,68.9,2.3,0,15.0,1,0
BATCH-01893,74.35,2.608,43.8,131,34.2,7.11,169.2,95.568,1.754,47.3,49.9,141.2,85.9,100.0,2.6,2,2.2,1,0
BATCH-01894,76.06,2.754,34.4,102,33.8,6.6,186.1,96.875,3.469,25.7,55.5,130.7,95.5,90.54,0.5,1,10.5,1,0
BATCH-01895,70.19,4.463,44.9,107,65.5,6.96,239.8,98.882,3.139,28.2,36.6,178.1,87.3,85.82,4.4,0,5.2,0,0
BATCH-01896,63.66,1.458,28.1,102,50.3,5.89,198.3,99.083,3.232,40.5,44.6,170.4,82.9,77.87,0.7,0,1.4,1,0
BATCH-01897,66.17,3.362,33.8,92,48.0,6.39,192.6,97.022,3.511,28.5,56.1,128.1,94.1,81.5,1.2,2,1.0,0,1
BATCH-01898,74.65,2.356,51.7,119,34.4,6.39,150.1,97.799,2.834,30.4,63.6,127.4,66.6,89.87,6.3,1,15.0,0,0
BATCH-01899,58.46,2.644,51.0,83,51.2,6.58,231.4,96.691,3.685,27.7,45.5,173.8,72.6,90.06,1.9,0,5.9,1,0
BATCH-01900,67.95,2.477,41.1,144,43.8,6.24,173.9,97.177,2.802,27.8,55.5,159.6,88.0,90.35,0.9,0,1.1,0,0
BATCH-01901,61.85,2.288,34.8,121,47.1,6.48,196.0,98.399,2.325,33.0,52.4,169.0,49.0,79.17,4.3,0,0.5,0,0
BATCH-01902,65.23,2.215,34.7,131,35.2,5.89,259.2,97.248,2.495,34.4,61.7,127.9,101.2,77.56,1.2,0,4.8,0,0
BATCH-01903,75.23,2.665,41.3,108,46.6,7.13,220.4,97.634,2.481,24.9,46.5,103.1,84.6,86.56,1.6,1,1.4,0,0
BATCH-01904,66.53,1.741,51.4,111,40.8,6.75,134.9,95.803,2.084,23.9,58.0,128.1,82.3,91.16,4.9,1,1.0,0,0
BATCH-01905,65.37,2.875,54.3,127,37.3,5.78,129.2,99.699,3.806,25.1,50.4,167.2,55.5,85.03,6.7,0,5.3,0,0
BATCH-01906,54.12,2.292,40.0,91,52.3,6.3,197.4,98.765,2.737,18.8,56.6,202.8,60.7,96.85,6.7,1,4.5,0,0
BATCH-01907,70.97,1.935,33.5,111,29.6,7.0,151.5,99.189,2.576,17.3,55.5,139.3,74.0,85.27,3.3,0,2.6,0,0
BATCH-01908,70.16,2.275,47.7,99,50.6,6.47,225.9,99.936,2.811,32.4,53.2,206.9,92.1,84.99,3.0,2,11.4,0,0
BATCH-01909,82.31,3.129,36.8,98,51.8,6.38,201.7,96.762,4.884,37.5,58.3,170.7,48.9,90.36,7.7,0,4.6,1,1
BATCH-01910,62.54,2.232,39.8,67,36.2,6.76,206.6,97.462,1.595,37.0,55.3,115.2,91.8,94.75,1.1,0,9.0,1,1
BATCH-01911,66.75,2.679,58.3,153,36.8,7.01,171.7,95.158,1.824,10.9,54.1,155.4,74.6,74.21,0.8,0,0.8,1,0
BATCH-01912,67.0,2.135,53.3,103,42.8,5.94,269.7,102.0,1.396,28.0,52.5,171.6,76.6,76.06,5.5,0,1.4,1,0
BATCH-01913,77.62,2.879,46.6,149,47.8,7.13,313.7,97.776,2.314,21.2,55.5,89.4,83.8,82.49,2.6,0,0.5,0,0
BATCH-01914,64.24,2.843,32.3,147,43.5,6.32,188.9,99.558,2.696,31.1,56.6,166.1,84.0,100.0,6.2,0,1.5,1,0
BATCH-01915,67.23,3.424,47.1,88,49.3,6.79,214.1,96.143,2.128,26.7,48.1,179.3,69.3,82.91,1.5,1,14.3,1,0
BATCH-01916,69.86,2.412,55.6,93,62.6,6.78,203.9,99.495,2.068,34.7,52.6,160.0,89.4,84.03,2.0,0,13.2,0,0
BATCH-01917,66.49,2.834,41.2,184,39.9,6.48,189.6,100.786,2.614,29.8,47.6,148.5,45.2,89.95,11.3,0,5.7,0,0
BATCH-01918,61.43,2.549,58.5,164,27.8,6.19,166.7,97.91,2.098,14.8,54.7,145.7,73.2,92.82,2.7,2,2.9,1,0
BATCH-01919,66.55,3.148,57.9,119,53.3,6.63,156.6,96.484,2.748,22.3,50.9,144.2,82.3,86.36,4.5,0,6.1,0,0
BATCH-01920,73.59,2.141,61.6,126,61.8,7.78,154.6,97.792,3.391,30.0,60.4,120.6,74.8,94.31,0.6,1,3.2,1,0
BATCH-01921,56.79,2.873,48.1,104,48.9,5.98,216.2,94.66,3.042,30.7,59.7,132.8,52.6,75.45,1.0,0,0.5,1,0
BATCH-01922,66.06,2.403,50.9,131,34.1,7.82,179.2,97.943,3.205,18.8,48.5,139.6,91.4,78.87,0.5,0,2.8,0,1
BATCH-01923,59.4,2.468,59.1,102,43.8,6.64,96.9,99.231,3.369,17.7,55.0,152.8,61.3,94.3,2.8,0,3.7,0,0
BATCH-01924,74.56,2.546,49.5,69,33.8,6.82,217.8,97.946,2.726,30.4,59.5,136.1,79.0,85.09,20.0,0,1.2,1,0
BATCH-01925,52.81,2.626,40.0,87,51.4,6.15,198.5,97.574,2.373,18.8,53.8,128.3,82.3,74.9,10.4,2,0.9,0,0
BATCH-01926,60.53,2.442,40.5,121,31.5,6.34,253.9,98.791,1.882,16.7,49.9,169.0,80.3,74.42,5.0,0,1.3,1,0
BATCH-01927,68.02,2.607,47.4,92,42.0,6.5,214.9,98.906,2.187,26.4,47.4,159.3,97.5,78.51,9.9,1,3.9,0,0
BATCH-01928,77.52,3.289,32.1,118,35.0,6.17,140.9,95.51,2.081,26.1,61.0,136.5,79.2,85.02,4.5,1,0.6,1,0
BATCH-01929,64.47,2.993,43.6,93,46.3,6.67,110.8,98.133,3.085,23.0,61.3,162.7,86.4,88.74,2.3,0,5.1,0,0
BATCH-01930,60.56,2.935,56.0,100,41.3,6.56,171.2,101.654,2.777,24.4,53.5,138.7,79.2,82.37,1.0,1,2.2,1,0
BATCH-01931,80.05,2.272,23.1,141,46.8,7.91,175.0,95.997,3.057,30.1,60.4,151.6,89.2,88.08,5.3,0,1.7,0,1
BATCH-01932,53.42,2.055,60.3,126,45.2,6.1,237.7,97.872,1.572,24.2,35.0,174.4,100.9,81.5,1.1,1,6.6,0,0
BATCH-01933,47.41,2.978,56.2,120,35.1,6.86,199.6,100.913,3.645,30.6,64.3,134.9,82.1,94.79,2.7,2,2.8,1,1
BATCH-01934,68.52,2.938,40.4,142,51.3,6.95,245.3,99.656,2.158,27.0,53.9,120.7,91.7,100.0,8.7,0,1.9,0,0
BATCH-01935,60.98,3.236,50.4,132,44.5,6.16,147.0,97.23,1.62,31.3,56.0,146.4,101.8,81.86,0.7,0,8.4,0,0
BATCH-01936,56.83,2.198,45.0,156,35.1,7.21,238.6,98.309,2.149,37.0,52.8,115.9,100.4,88.84,0.7,0,1.8,0,0
BATCH-01937,70.67,2.385,57.3,109,67.4,6.56,228.8,97.997,4.487,36.7,64.8,143.1,74.2,88.19,1.3,0,7.8,0,0
BATCH-01938,66.95,1.68,54.8,109,49.8,5.3,119.3,96.878,2.19,40.3,47.6,143.0,95.5,86.11,4.0,0,2.8,0,1
BATCH-01939,60.49,2.304,31.0,87,43.5,7.2,252.9,97.889,2.24,36.7,65.3,88.4,83.7,90.23,1.4,2,0.9,1,0
BATCH-01940,54.76,2.998,50.9,109,59.2,6.13,203.7,97.58,2.346,31.9,57.8,163.3,96.8,88.83,3.5,0,3.8,0,0
BATCH-01941,71.98,2.267,42.9,144,63.4,6.17,215.7,98.169,2.381,26.5,59.4,145.4,88.5,81.23,1.8,0,1.3,0,0
BATCH-01942,70.2,2.82,45.8,152,43.5,7.21,165.4,96.877,1.875,26.9,52.7,179.5,84.1,95.53,3.5,0,0.6,0,0
BATCH-01943,64.21,2.405,37.7,144,48.5,6.59,251.0,96.085,2.615,23.0,45.8,155.4,86.5,86.61,1.6,0,0.5,1,0
BATCH-01944,79.77,2.662,62.5,75,35.1,7.35,152.6,97.938,3.36,30.0,61.5,168.4,83.8,81.92,19.6,0,1.1,1,0
BATCH-01945,56.44,1.926,55.4,147,43.5,7.53,233.3,100.573,2.751,35.6,57.2,179.8,84.4,100.0,3.4,0,5.3,0,0
BATCH-01946,52.8,2.543,37.6,74,43.0,6.41,232.8,98.123,1.611,24.2,64.5,146.7,77.6,84.07,6.8,0,7.3,1,0
BATCH-01947,59.46,1.004,31.7,142,46.8,7.28,161.0,97.503,2.225,29.7,53.6,150.0,76.2,87.04,6.0,0,7.9,1,0
BATCH-01948,64.64,2.407,41.1,111,48.3,6.35,279.3,99.131,2.059,24.6,52.1,110.7,106.4,86.4,3.4,1,1.3,0,0
BATCH-01949,66.95,1.685,49.3,138,50.6,8.14,209.3,97.763,2.542,31.7,64.7,181.0,87.2,83.96,1.4,2,4.3,0,1
BATCH-01950,63.07,3.103,47.4,87,47.4,6.38,226.2,100.802,3.564,25.6,68.4,146.4,71.4,88.59,3.6,0,1.0,0,0
BATCH-01951,67.82,2.889,57.5,149,32.9,7.42,138.9,97.994,2.381,24.1,55.1,124.9,75.8,78.24,5.7,2,3.9,0,0
BATCH-01952,54.99,2.733,52.9,83,35.6,7.31,284.7,99.051,2.429,24.6,49.7,168.5,95.8,89.77,3.1,0,8.7,1,0
BATCH-01953,76.55,3.261,54.7,103,39.5,6.99,151.0,96.868,3.922,34.0,60.7,95.5,69.0,70.93,0.5,1,0.5,0,0
BATCH-01954,64.34,2.026,48.3,95,42.2,6.4,241.0,98.755,3.201,29.2,53.2,139.3,57.8,74.62,0.5,0,15.0,0,1
BATCH-01955,73.94,3.374,31.1,76,55.5,6.71,160.2,98.413,2.959,26.6,59.2,172.7,58.9,99.61,2.0,2,7.0,0,0
BATCH-01956,67.74,2.966,43.0,122,33.4,5.51,175.2,97.915,4.067,32.1,53.2,139.1,54.1,74.95,0.8,2,5.7,1,1
BATCH-01957,68.65,2.382,55.6,165,41.4,6.93,231.6,97.247,2.892,26.7,65.9,132.1,60.5,69.32,11.8,1,4.7,0,0
BATCH-01958,69.56,3.068,44.5,187,54.5,7.01,241.1,97.043,0.911,39.0,50.1,139.6,62.3,75.15,1.0,2,5.9,0,0
BATCH-01959,68.58,1.947,50.0,122,42.0,6.88,149.1,98.424,3.166,22.2,58.4,99.8,100.8,98.92,2.5,1,15.0,1,0
BATCH-01960,70.14,2.088,41.8,148,49.6,5.02,243.6,98.943,1.226,28.5,51.6,167.9,79.3,70.67,6.2,0,5.9,0,1
BATCH-01961,75.63,2.196,34.7,126,43.6,6.04,241.8,97.809,2.862,18.8,53.0,146.9,74.6,77.35,8.4,1,1.7,0,0
BATCH-01962,66.57,2.236,43.8,132,47.6,6.35,162.5,98.431,1.129,27.2,52.1,143.2,58.3,73.33,3.2,0,3.8,1,0
BATCH-01963,70.67,1.972,48.1,111,42.7,6.97,263.9,97.943,2.127,16.6,60.2,143.3,77.9,82.81,1.0,0,1.6,1,0
BATCH-01964,64.28,3.112,38.4,125,51.7,6.97,141.7,98.148,2.209,36.0,61.4,150.4,53.9,81.51,1.6,0,14.0,0,0
BATCH-01965,76.52,2.371,42.6,133,29.5,6.7,175.0,97.699,1.884,36.1,58.9,166.3,74.5,81.15,2.7,1,9.2,1,0
BATCH-01966,59.59,2.676,35.6,106,41.4,7.18,219.2,98.027,2.221,36.3,54.2,148.7,111.0,99.85,2.3,0,3.4,1,1
BATCH-01967,79.41,2.215,56.2,118,48.0,6.18,165.9,102.0,3.326,30.2,56.0,116.0,90.0,75.41,2.1,1,6.1,0,0
BATCH-01968,64.68,1.59,42.1,119,50.3,7.17,210.6,98.467,1.929,23.0,61.3,164.4,76.9,84.18,0.7,1,9.6,0,1
BATCH-01969,53.55,2.635,59.5,141,59.9,7.08,209.6,98.968,2.936,23.6,61.5,162.5,90.5,87.71,12.2,0,1.1,1,0
BATCH-01970,66.02,1.544,60.3,93,41.1,7.03,192.5,98.657,1.727,42.2,36.2,155.1,72.2,77.16,0.5,0,3.5,0,0
BATCH-01971,59.55,2.466,44.2,119,59.8,6.69,233.3,97.606,2.348,41.5,53.1,176.9,68.0,88.89,2.9,2,2.6,0,0
BATCH-01972,71.73,1.816,34.9,168,38.4,7.9,190.9,99.941,2.759,31.0,53.4,150.8,105.6,81.8,19.6,2,5.9,1,0
BATCH-01973,59.78,3.494,24.1,149,58.3,7.1,209.3,97.563,1.703,25.9,59.7,177.8,62.9,87.99,5.4,0,1.9,0,1
BATCH-01974,61.43,2.956,30.3,154,53.2,6.22,245.9,99.583,1.451,40.9,54.5,185.2,74.7,84.14,2.2,0,4.9,0,0
BATCH-01975,49.88,2.553,31.3,121,35.9,6.95,231.6,97.499,2.894,24.4,60.0,164.6,84.6,68.6,0.8,0,2.1,0,1
BATCH-01976,61.38,3.132,58.8,128,48.1,7.25,231.4,96.56,3.398,31.8,47.4,131.3,66.0,95.45,16.6,0,0.5,1,0
BATCH-01977,45.61,2.077,46.2,145,44.5,6.45,154.0,98.548,2.437,40.8,56.8,146.7,89.8,100.0,0.5,0,0.5,0,0
BATCH-01978,52.33,2.772,48.9,159,51.3,7.45,221.0,96.343,2.134,23.3,61.3,181.0,75.4,83.59,5.7,2,0.5,1,0
BATCH-01979,71.08,2.6,22.8,71,42.8,7.03,164.9,98.803,2.625,36.6,44.7,112.6,90.0,77.82,10.6,2,0.5,1,1
BATCH-01980,71.29,2.632,33.0,87,41.9,5.39,148.7,96.209,2.544,34.2,72.6,140.2,88.8,97.05,0.5,2,3.0,0,1
BATCH-01981,68.4,3.136,53.9,153,58.7,6.98,197.1,97.521,2.694,29.7,63.3,141.4,76.4,100.0,6.5,0,4.5,1,0
BATCH-01982,57.26,2.866,47.9,113,44.0,6.56,163.8,95.852,0.5,22.1,55.0,128.4,105.7,83.65,20.0,0,0.5,1,0
BATCH-01983,64.62,2.644,43.5,103,53.3,7.12,231.6,102.0,1.645,24.2,49.2,171.8,70.0,83.25,5.1,1,3.8,0,0
BATCH-01984,64.97,1.673,50.6,89,42.7,7.37,232.6,95.519,1.824,32.3,53.8,159.4,100.2,84.36,2.7,1,3.6,0,0
BATCH-01985,55.73,2.02,61.4,106,61.7,6.92,123.9,98.015,2.621,18.6,55.6,132.2,97.6,71.6,10.4,0,0.6,0,0
BATCH-01986,77.03,2.439,42.8,85,38.2,7.8,166.9,99.715,2.649,31.0,58.1,165.1,106.6,82.67,4.0,1,2.1,0,0
BATCH-01987,72.02,2.547,45.7,172,38.9,6.69,141.6,99.555,3.009,34.3,65.5,146.0,82.6,98.72,6.9,1,5.6,0,1
BATCH-01988,63.23,1.935,46.9,119,60.2,7.17,181.5,99.277,2.706,37.9,51.7,127.7,68.2,83.65,4.4,1,0.5,0,0
BATCH-01989,65.22,3.706,68.9,119,40.6,7.28,218.2,97.524,1.459,18.8,58.9,132.2,111.2,76.68,0.5,1,0.6,0,0
BATCH-01990,66.67,3.258,24.0,135,61.0,6.74,190.3,100.027,3.658,40.5,46.0,160.9,75.0,88.97,1.2,1,15.0,0,0
BATCH-01991,48.67,2.801,51.8,144,53.9,7.27,176.4,99.37,3.518,43.6,52.1,173.5,67.8,79.66,0.5,0,5.3,0,1
BATCH-01992,63.02,2.536,43.9,144,43.5,6.44,252.0,98.318,1.493,33.3,57.6,137.8,77.2,84.47,0.6,1,2.5,0,0
BATCH-01993,59.54,2.394,50.7,147,26.9,6.55,107.8,98.361,2.766,21.7,59.8,163.6,65.3,74.85,0.5,0,4.0,0,0
BATCH-01994,56.99,2.024,38.4,104,44.8,6.01,249.5,97.544,2.024,27.4,49.7,189.5,87.9,76.71,2.7,0,7.5,0,0
BATCH-01995,62.75,2.539,44.5,113,46.0,6.94,178.2,96.636,2.611,29.6,51.9,118.5,70.9,90.9,1.0,0,7.4,1,0
BATCH-01996,79.38,2.629,52.1,139,56.7,7.0,196.9,99.856,3.343,32.2,65.2,158.9,75.7,85.93,9.7,0,1.6,0,0
BATCH-01997,70.13,1.879,76.1,107,60.9,7.51,178.9,99.968,4.204,30.2,63.1,170.8,94.5,78.79,6.9,2,2.7,1,0
BATCH-01998,60.43,2.667,53.1,120,38.2,7.27,261.7,96.674,3.101,32.2,56.5,147.6,89.4,85.96,4.3,0,4.1,0,0
BATCH-01999,69.58,2.422,36.5,130,53.0,6.63,150.8,97.769,2.736,29.3,39.3,181.0,80.2,80.14,3.4,2,0.5,1,0
BATCH-02000,76.19,1.546,40.8,140,52.7,6.09,200.5,97.785,2.228,32.1,72.6,205.0,82.6,78.73,1.5,0,11.7,0,0
BATCH-02001,72.4,2.07,40.5,76,55.7,7.06,221.1,97.951,2.646,26.3,54.9,158.6,80.2,94.31,3.2,0,2.3,1,0
BATCH-02002,65.48,2.293,27.0,138,50.0,7.47,135.6,98.096,3.588,27.3,52.8,144.2,73.5,91.26,5.1,1,1.9,0,0
BATCH-02003,59.82,3.444,41.7,114,25.6,7.25,163.2,99.42,2.464,25.4,51.3,174.4,80.0,84.83,7.6,0,9.5,1,0
BATCH-02004,70.59,2.778,52.3,138,43.4,7.45,194.1,96.879,1.791,45.3,57.6,171.1,87.4,86.15,0.5,1,0.5,0,0
BATCH-02005,68.15,1.832,32.3,139,33.4,6.67,164.5,96.73,1.204,41.7,57.7,87.0,78.1,84.93,6.2,0,0.5,0,1
BATCH-02006,72.16,2.743,55.5,160,43.0,6.52,167.4,99.855,2.91,34.4,61.7,149.9,86.3,88.9,6.8,2,4.6,0,1
BATCH-02007,70.08,1.726,49.9,154,54.8,6.36,186.0,97.306,2.698,40.6,48.5,140.1,67.4,78.6,4.1,0,1.9,1,0
BATCH-02008,73.4,3.041,37.7,154,48.1,6.77,226.0,96.105,1.983,36.4,52.8,159.9,70.9,91.9,1.2,1,5.8,1,0
BATCH-02009,60.72,2.264,43.6,156,56.5,6.75,186.3,97.272,3.321,31.5,69.2,145.2,69.0,87.83,3.9,0,0.5,0,0
BATCH-02010,75.54,2.453,61.0,127,48.4,6.92,243.1,97.505,2.163,18.0,56.6,147.9,71.5,82.9,3.5,1,1.9,1,0
BATCH-02011,66.58,3.163,52.3,121,32.0,6.72,160.1,100.332,2.392,27.9,53.8,128.4,99.3,81.1,3.2,1,1.1,1,0
BATCH-02012,81.6,1.856,45.1,142,20.0,6.72,149.9,99.387,2.487,27.3,48.4,168.4,90.9,91.73,3.1,0,5.4,0,1
BATCH-02013,59.49,1.801,42.6,138,46.5,6.33,277.1,99.721,2.219,20.9,58.5,191.4,63.8,83.8,0.6,0,1.0,1,0
BATCH-02014,78.89,2.208,45.8,112,42.9,7.36,173.7,99.23,2.689,18.1,62.2,128.8,86.6,79.41,1.0,1,2.4,0,1
BATCH-02015,66.58,3.019,39.9,130,35.2,6.85,147.6,99.419,3.421,33.9,61.1,115.1,74.1,81.92,0.5,2,6.8,0,1
BATCH-02016,59.79,1.74,24.0,119,28.0,6.7,130.3,96.968,1.586,32.6,53.2,150.5,69.8,91.15,1.4,0,9.9,1,1
BATCH-02017,61.13,1.084,65.4,99,37.7,6.35,243.0,97.702,2.891,20.7,57.5,149.3,57.7,72.12,1.5,1,5.1,0,0
BATCH-02018,62.44,2.274,46.6,152,43.1,6.0,186.3,96.515,2.638,24.0,66.7,179.3,94.6,82.16,1.4,1,2.2,1,0
BATCH-02019,68.39,2.776,49.0,121,51.7,7.58,189.9,97.684,2.623,39.3,62.5,119.3,59.5,93.56,1.2,1,3.4,1,0
BATCH-02020,69.18,3.1,44.4,171,46.9,7.13,193.6,99.026,3.197,23.0,49.5,136.6,79.2,83.65,6.6,2,4.7,1,0
BATCH-02021,60.41,2.268,37.6,79,61.1,5.83,240.5,98.202,2.539,31.4,37.2,96.3,65.8,87.18,8.5,1,8.3,0,0
BATCH-02022,64.81,2.294,43.1,106,34.6,7.26,192.8,99.967,2.884,28.5,57.1,184.4,91.6,93.69,2.0,2,8.8,0,0
BATCH-02023,82.14,3.077,29.0,121,53.8,7.35,293.8,96.288,3.073,34.1,60.6,156.3,75.0,92.14,1.8,1,10.7,0,0
BATCH-02024,78.82,1.565,67.8,148,45.5,6.87,205.4,98.75,2.097,23.2,47.4,138.4,78.0,81.48,9.3,0,6.7,1,0
BATCH-02025,68.49,2.306,32.7,130,51.9,7.76,242.5,96.128,2.739,30.7,54.9,116.9,78.5,83.96,4.9,1,0.6,0,0
BATCH-02026,65.3,2.595,34.7,128,40.6,6.93,232.2,98.141,2.299,31.3,53.2,119.2,84.5,92.24,1.7,2,5.5,0,1
BATCH-02027,65.96,2.725,40.6,92,55.7,5.95,198.5,99.111,2.394,31.8,55.7,160.4,80.2,92.52,6.3,2,6.7,0,0
BATCH-02028,69.91,2.245,57.9,91,48.0,7.02,176.5,97.678,2.242,30.6,51.2,122.3,79.4,84.3,2.1,0,8.4,0,0
BATCH-02029,56.82,2.517,45.1,128,38.2,6.95,213.3,98.827,2.877,32.8,64.0,152.6,72.2,84.57,4.4,0,10.4,0,0
BATCH-02030,62.94,1.256,32.6,86,44.9,6.44,220.4,96.56,2.565,47.5,56.0,201.1,56.4,87.14,20.0,1,2.8,0,0
BATCH-02031,51.65,2.171,57.5,107,42.6,7.14,177.1,95.504,2.816,50.5,48.8,141.3,63.2,95.94,1.8,1,4.3,0,0
BATCH-02032,68.19,2.727,52.3,133,49.9,5.8,206.7,98.836,2.486,24.9,61.4,126.0,90.8,93.54,13.3,0,0.5,1,0
BATCH-02033,70.18,2.009,50.4,95,33.2,7.39,249.4,100.616,1.217,11.5,46.2,159.6,75.4,90.55,1.9,0,3.4,1,0
BATCH-02034,61.13,2.529,52.2,160,44.7,6.27,282.8,96.506,2.525,34.8,64.0,119.4,70.0,76.37,3.9,1,2.6,1,0
BATCH-02035,77.59,2.723,68.9,151,49.0,6.21,234.2,99.833,2.551,31.5,61.9,193.0,58.9,82.8,3.1,1,13.1,0,0
BATCH-02036,55.19,2.329,66.9,81,45.3,6.73,274.5,98.065,2.694,38.5,64.7,185.1,54.2,83.22,7.6,2,9.3,1,0
BATCH-02037,53.29,2.585,38.1,97,58.5,7.06,174.8,95.996,2.025,32.3,53.9,145.9,69.5,96.35,0.5,2,6.4,1,0
BATCH-02038,66.8,2.019,61.2,63,52.7,6.9,228.1,96.303,1.544,30.5,51.5,127.6,93.3,83.09,4.9,0,0.5,1,0
BATCH-02039,73.38,2.397,48.8,100,44.9,6.35,253.5,98.024,3.0,39.0,55.6,139.4,71.6,95.03,7.1,2,2.1,0,0
BATCH-02040,78.47,2.805,50.0,139,47.2,6.5,164.1,97.393,2.281,40.2,54.4,142.6,86.0,80.43,3.2,1,4.8,1,0
BATCH-02041,61.33,2.578,28.1,110,48.0,6.12,180.6,96.031,2.637,18.9,50.4,159.6,71.0,81.07,0.6,2,0.5,0,1
BATCH-02042,73.63,2.207,43.3,132,49.0,6.67,269.5,95.459,2.275,23.5,51.1,176.0,89.6,88.85,1.4,0,1.1,0,0
BATCH-02043,64.69,2.612,36.9,82,26.7,7.45,161.0,96.73,2.495,29.2,52.4,124.1,74.7,97.55,5.7,0,8.7,0,0
BATCH-02044,63.62,2.857,53.3,140,42.0,6.8,146.4,98.291,2.141,30.8,46.8,175.3,61.5,83.31,11.3,1,0.6,1,0
BATCH-02045,72.07,1.475,55.7,106,30.2,7.32,261.1,97.99,1.726,28.2,59.7,165.4,76.0,64.5,2.7,2,0.5,0,0
BATCH-02046,70.22,3.08,24.3,120,57.8,7.67,247.9,97.248,2.879,33.5,54.6,137.3,107.5,72.49,4.1,2,3.5,0,1
BATCH-02047,52.39,2.332,44.8,118,44.4,6.45,217.3,98.303,2.018,38.0,52.8,122.8,106.8,87.38,1.3,1,11.7,1,0
BATCH-02048,76.81,2.713,56.2,88,43.1,6.69,198.2,99.56,2.631,43.8,47.2,152.9,87.3,73.2,2.7,0,7.2,0,0
BATCH-02049,76.04,3.099,43.1,91,54.0,8.1,182.5,98.591,2.828,34.6,46.9,123.5,77.9,78.08,2.1,1,14.7,0,0
BATCH-02050,60.0,1.814,52.3,144,49.2,7.67,211.3,97.818,2.031,23.2,68.6,175.6,84.6,85.1,5.3,2,5.6,0,0
BATCH-02051,68.17,2.145,48.5,130,33.7,5.8,263.2,99.392,1.537,28.8,50.6,121.9,84.8,65.41,20.0,1,2.3,0,0
BATCH-02052,68.95,2.356,48.4,146,44.3,7.03,209.5,96.56,4.441,29.4,59.3,163.7,79.4,81.96,8.4,1,11.7,0,0
BATCH-02053,67.09,2.108,42.3,128,41.6,6.8,286.7,97.663,2.078,34.1,56.1,148.0,86.6,75.68,1.1,0,2.2,0,0
BATCH-02054,60.6,3.367,32.8,124,27.6,7.3,164.1,97.698,2.999,33.1,35.6,136.0,83.1,73.01,4.3,1,1.7,1,0
BATCH-02055,59.63,2.072,33.8,77,38.1,6.35,199.2,96.145,4.052,46.4,67.5,147.4,75.3,78.58,0.5,0,2.4,1,0
BATCH-02056,64.8,2.222,52.1,113,43.2,6.3,185.1,97.37,3.132,26.3,59.8,177.0,62.1,76.45,1.4,2,6.7,0,0
BATCH-02057,74.38,2.602,45.2,119,43.9,6.39,156.6,94.888,2.26,33.1,49.6,120.2,73.1,88.76,0.9,1,10.0,0,0
BATCH-02058,69.35,1.899,43.6,169,30.2,6.46,193.9,100.868,2.446,48.8,54.8,139.7,92.0,94.57,2.0,1,1.8,0,0
BATCH-02059,62.04,2.302,40.8,137,56.5,7.29,216.7,96.594,1.834,25.3,47.0,131.2,79.5,82.08,5.7,2,2.5,0,0
BATCH-02060,71.17,2.659,41.9,158,44.0,6.09,221.0,100.379,3.205,31.2,67.8,149.0,84.5,80.23,3.5,0,9.1,0,0
BATCH-02061,42.21,2.334,55.5,135,45.4,6.43,286.8,98.057,2.953,22.4,48.6,132.9,75.8,81.69,13.5,0,0.5,0,0
BATCH-02062,74.19,2.453,41.6,102,49.0,5.73,218.6,98.847,2.088,30.7,51.3,105.8,64.1,76.13,1.2,1,6.1,0,0
BATCH-02063,51.08,2.235,31.6,123,37.1,7.4,246.0,97.267,1.666,23.8,49.9,123.6,76.4,74.69,2.3,0,2.4,0,0
BATCH-02064,62.1,1.743,52.4,126,49.6,7.56,202.6,98.312,1.443,38.4,55.6,190.9,64.7,71.84,2.0,0,1.9,0,1
BATCH-02065,56.04,2.661,43.0,97,41.3,6.6,267.1,98.976,3.289,31.2,64.6,156.2,63.7,74.36,1.3,2,2.4,1,0
BATCH-02066,54.64,3.377,45.3,110,36.0,6.62,295.9,98.997,2.596,22.5,67.5,155.3,98.1,98.06,20.0,1,2.2,1,0
BATCH-02067,74.29,2.509,61.1,115,50.7,7.07,221.2,99.162,2.672,36.7,52.2,142.9,73.7,79.48,2.4,0,5.7,1,0
BATCH-02068,61.26,2.613,44.8,160,59.9,7.68,160.3,97.448,1.842,31.4,57.6,148.7,68.9,61.47,14.1,0,10.5,1,0
BATCH-02069,67.77,2.846,47.9,68,52.2,7.05,178.0,97.279,1.329,37.6,55.6,139.3,104.3,80.3,2.5,0,2.7,0,0
BATCH-02070,64.62,1.865,33.2,150,54.2,6.38,211.3,95.609,3.27,20.8,48.1,163.2,92.2,72.28,1.1,1,7.2,1,0
BATCH-02071,68.82,3.351,42.8,97,39.8,5.83,218.3,98.785,2.534,33.0,72.0,152.5,74.4,85.48,0.6,0,5.3,0,0
BATCH-02072,65.61,2.601,51.1,86,29.0,6.13,227.9,99.624,3.226,36.2,64.5,120.7,86.4,84.61,9.7,2,1.6,1,0
BATCH-02073,54.74,3.316,29.4,149,59.9,6.84,218.4,100.424,2.191,26.6,56.3,156.3,76.5,85.45,0.5,1,3.5,1,0
BATCH-02074,72.97,2.133,47.0,138,65.5,6.41,200.3,98.458,2.311,19.9,66.1,88.5,69.6,84.67,16.7,0,4.4,0,0
BATCH-02075,61.05,3.409,46.0,151,60.4,6.92,174.6,96.85,3.071,29.7,63.5,160.3,87.1,82.02,2.7,0,0.5,0,0
BATCH-02076,52.55,2.888,45.4,140,41.6,6.47,216.0,95.454,3.086,39.8,55.6,114.8,75.1,73.35,1.4,1,2.0,0,0
BATCH-02077,61.58,2.777,55.4,171,33.5,6.17,274.2,99.563,3.138,39.0,57.3,147.6,81.1,84.4,4.8,0,15.0,0,0
BATCH-02078,77.01,2.617,48.3,134,34.3,6.09,240.8,95.306,2.264,26.6,65.6,120.1,95.3,93.15,0.7,1,4.1,1,0
BATCH-02079,71.8,2.376,59.8,116,28.2,7.74,221.4,97.489,2.992,19.7,48.4,150.1,93.7,99.51,0.5,2,1.6,1,1
BATCH-02080,62.21,3.1,35.1,129,43.9,7.33,241.2,97.664,3.387,26.6,66.7,164.5,71.7,83.1,8.8,0,1.2,0,0
BATCH-02081,62.21,2.57,46.4,151,61.1,7.84,185.2,97.896,2.416,26.3,53.4,187.6,87.3,83.96,2.8,0,0.9,0,0
BATCH-02082,62.43,1.516,45.8,101,43.6,7.12,179.7,98.054,2.089,33.6,65.7,111.5,63.1,89.0,3.7,2,2.1,0,0
BATCH-02083,81.61,1.941,34.3,104,48.0,6.54,170.1,98.207,3.574,29.2,55.0,174.4,86.8,96.95,1.0,0,0.9,1,1
BATCH-02084,68.06,2.407,54.6,112,58.8,7.59,195.0,94.377,1.976,24.0,57.4,153.3,82.2,81.11,0.5,0,0.6,1,0
BATCH-02085,68.44,2.655,68.2,67,41.0,6.78,183.1,98.022,3.004,38.8,54.8,138.7,85.7,90.54,2.3,0,1.8,0,0
BATCH-02086,73.24,2.472,44.8,123,65.4,6.93,248.3,94.656,2.453,31.1,51.3,169.0,75.5,78.42,3.5,2,3.7,1,0
BATCH-02087,66.91,3.109,50.1,73,64.9,6.77,181.0,99.098,1.027,33.5,53.1,144.1,111.3,87.64,7.3,2,0.6,1,0
BATCH-02088,62.93,1.524,45.8,121,43.7,5.03,167.9,97.167,3.403,16.2,64.7,167.9,66.5,92.76,3.5,0,0.5,0,1
BATCH-02089,63.43,2.572,37.9,142,39.2,7.76,277.7,94.764,0.5,10.6,38.8,125.2,94.6,74.67,7.6,1,0.5,1,0
BATCH-02090,64.43,1.591,26.8,108,52.0,7.09,181.9,96.779,0.913,18.5,46.3,134.2,64.5,80.8,0.6,0,1.2,0,0
BATCH-02091,64.7,2.88,37.9,162,41.5,7.0,206.1,97.145,2.922,26.2,49.9,173.6,87.6,92.64,0.5,1,0.8,0,0
BATCH-02092,70.82,2.453,31.1,83,33.4,6.76,218.1,99.786,2.922,34.6,47.5,187.1,88.6,89.93,0.9,0,3.1,0,0
BATCH-02093,65.42,2.71,62.0,150,57.8,6.9,154.5,98.295,1.99,11.3,65.6,149.1,80.8,93.29,7.4,0,2.4,1,0
BATCH-02094,70.86,2.068,43.8,137,57.2,6.44,249.4,98.517,2.618,42.7,63.8,80.3,72.6,91.79,7.1,2,1.6,0,0
BATCH-02095,64.35,3.14,41.5,77,46.6,7.17,225.5,99.772,0.5,31.4,59.1,145.0,82.1,82.27,0.8,0,7.2,1,0
BATCH-02096,65.63,3.021,53.9,188,32.4,6.02,262.3,97.856,3.066,40.9,50.5,150.8,84.0,100.0,0.5,0,2.8,1,0
BATCH-02097,49.01,2.792,33.8,118,32.7,6.91,172.8,99.131,2.7,22.9,64.3,144.2,106.8,86.1,5.8,2,0.5,1,0
BATCH-02098,72.33,2.435,37.3,98,46.1,7.14,204.0,99.026,2.463,34.0,43.9,158.4,66.9,60.55,9.7,1,1.4,1,1
BATCH-02099,67.77,2.79,45.7,85,40.0,6.68,201.6,96.07,2.517,30.7,70.0,138.1,71.7,82.74,7.0,1,14.5,0,0
BATCH-02100,72.98,2.147,55.3,114,41.6,7.02,210.6,100.209,2.895,36.5,50.2,171.0,84.3,81.25,1.1,2,15.0,0,1
BATCH-02101,41.83,2.928,50.0,117,55.2,6.21,141.8,95.87,2.477,28.1,53.2,120.8,76.2,91.36,4.4,0,1.2,0,1
BATCH-02102,81.71,3.325,47.5,123,52.3,6.22,204.4,99.376,1.001,33.8,52.0,180.9,78.5,81.39,7.1,0,0.7,0,0
BATCH-02103,63.88,3.035,45.8,113,58.8,6.94,142.9,95.724,4.257,38.8,47.5,188.8,96.1,93.79,1.5,0,2.7,1,0
BATCH-02104,73.87,2.135,49.0,136,35.1,7.21,214.3,98.902,3.461,24.8,68.5,127.2,40.0,89.46,3.8,0,2.6,1,1
BATCH-02105,56.68,2.681,47.0,110,41.6,5.68,114.9,100.793,1.472,31.9,60.5,127.2,71.0,77.0,1.9,0,2.1,0,0
BATCH-02106,69.9,1.853,34.7,72,52.6,7.11,125.9,97.681,2.224,14.9,63.5,160.3,53.9,83.88,1.3,1,3.0,1,0
BATCH-02107,56.57,2.786,45.5,116,49.5,6.47,232.7,97.615,2.311,35.6,46.4,120.3,62.1,78.8,17.5,0,1.1,1,0
BATCH-02108,60.01,2.725,34.3,61,60.3,6.68,178.1,98.916,3.363,45.6,56.3,137.7,116.1,86.48,12.2,0,0.5,1,0
BATCH-02109,80.31,1.565,45.8,129,49.2,6.0,160.5,97.506,0.773,20.0,58.6,177.6,89.0,78.75,2.9,0,3.4,0,0
BATCH-02110,63.47,1.919,40.2,96,63.5,6.29,250.8,100.727,2.101,29.3,56.9,168.4,94.3,85.6,0.7,0,10.8,1,0
BATCH-02111,66.74,2.358,70.4,124,50.4,7.38,213.1,98.288,1.091,37.0,46.9,199.5,78.8,82.82,6.5,1,0.6,0,0
BATCH-02112,71.96,2.35,44.6,153,55.6,6.82,234.9,97.52,2.272,30.3,62.5,154.3,91.4,83.78,1.5,0,4.9,0,0
BATCH-02113,68.97,1.895,31.0,96,41.8,6.57,193.4,97.19,2.122,31.3,55.9,134.7,53.5,100.0,0.9,0,2.3,0,1
BATCH-02114,66.2,2.694,43.7,147,45.1,6.73,307.2,96.601,2.564,26.9,48.3,151.3,95.6,82.12,2.4,2,1.4,0,0
BATCH-02115,67.92,2.626,50.2,109,54.1,7.09,175.8,97.058,2.016,26.6,42.0,146.2,67.7,69.52,3.8,1,7.7,0,0
BATCH-02116,84.23,2.403,61.7,164,61.1,7.06,269.8,97.474,1.899,29.3,59.2,146.6,72.0,93.13,0.5,1,2.4,0,1
BATCH-02117,64.54,2.122,39.1,111,52.3,6.75,197.5,97.269,2.996,30.3,72.2,149.4,87.6,93.06,4.2,1,3.5,1,0
BATCH-02118,66.61,3.024,29.2,99,44.2,7.46,133.8,97.013,2.864,20.5,47.9,126.7,84.7,69.17,0.5,1,2.3,1,1
BATCH-02119,73.41,3.328,53.2,137,58.8,7.38,219.3,101.148,2.941,29.5,56.2,157.1,81.3,79.39,11.1,0,0.5,1,0
BATCH-02120,73.84,2.258,31.2,109,23.1,7.05,212.6,96.455,2.358,42.5,62.8,114.8,59.6,88.49,12.7,0,3.6,0,1
BATCH-02121,74.5,2.194,40.6,99,30.8,6.83,157.9,98.22,2.043,26.6,46.1,132.1,81.5,89.19,6.6,1,2.2,1,0
BATCH-02122,70.11,2.746,42.4,108,51.8,7.19,163.1,98.889,2.405,20.1,51.6,147.0,94.4,84.96,3.1,0,0.5,1,0
BATCH-02123,55.86,2.321,44.3,119,45.1,6.99,199.0,98.945,2.901,28.8,49.0,93.5,72.0,85.14,1.5,0,3.6,0,0
BATCH-02124,78.07,2.43,51.9,154,51.1,7.44,214.0,97.912,0.759,24.3,61.9,169.2,99.7,77.49,6.8,0,0.5,1,0
BATCH-02125,55.83,2.87,38.2,72,45.6,7.34,101.2,97.639,2.815,19.3,64.3,98.7,66.9,65.8,13.4,0,0.9,1,0
BATCH-02126,67.42,1.545,42.3,121,50.7,6.19,242.1,98.677,2.747,31.1,56.1,166.7,80.1,100.0,0.9,2,6.1,0,0
BATCH-02127,58.97,3.159,44.9,136,36.9,6.15,180.2,98.4,2.55,24.3,49.1,117.7,103.0,77.25,3.1,0,0.5,1,1
BATCH-02128,64.49,2.536,46.5,125,50.7,6.38,146.7,97.612,2.381,25.0,51.9,139.9,69.8,86.41,1.9,0,4.2,1,0
BATCH-02129,67.63,2.294,46.0,153,54.9,7.39,237.6,95.657,0.5,31.2,50.6,163.0,95.8,83.73,2.2,1,12.0,1,0
BATCH-02130,67.57,2.455,49.4,118,57.2,5.85,199.1,97.298,2.148,17.7,48.2,205.0,109.6,92.18,2.6,1,0.8,1,0
BATCH-02131,68.38,2.481,53.4,115,65.1,7.04,248.6,96.28,3.932,16.1,54.3,152.9,82.6,85.92,15.2,1,2.2,1,0
BATCH-02132,77.91,1.634,48.9,135,47.4,7.02,217.5,96.999,2.51,35.4,59.0,100.4,72.1,86.23,1.5,0,3.4,1,0
BATCH-02133,68.63,3.247,49.5,122,47.7,7.5,199.9,98.05,2.254,14.6,58.4,173.8,68.4,63.93,3.4,0,2.4,1,0
BATCH-02134,63.05,2.521,29.2,110,29.8,6.91,193.9,98.538,2.514,22.2,54.9,144.2,99.6,78.33,15.1,1,3.9,1,0
BATCH-02135,72.71,2.722,45.5,133,39.7,5.99,219.3,100.671,2.784,15.6,55.4,151.7,99.2,90.96,3.2,0,2.1,1,0
BATCH-02136,74.52,2.976,49.8,104,43.1,6.22,183.5,97.194,3.027,26.1,54.4,163.9,101.7,90.24,10.0,0,0.6,1,0
BATCH-02137,55.18,1.989,52.3,105,55.5,6.09,165.9,99.162,2.317,33.4,45.9,94.4,79.5,77.39,0.5,2,0.5,0,0
BATCH-02138,69.78,2.737,38.1,107,38.9,6.48,224.4,98.459,2.84,30.9,56.1,150.2,95.6,72.38,15.3,0,5.5,1,0
BATCH-02139,70.61,2.366,38.4,154,53.0,6.69,194.2,99.944,3.841,49.1,50.9,139.8,79.3,86.01,1.0,0,1.1,0,0
BATCH-02140,62.62,2.923,39.3,50,45.0,6.1,201.3,98.864,3.305,38.7,45.6,180.5,66.8,61.75,19.5,0,7.5,0,1
BATCH-02141,76.01,1.436,50.4,130,43.2,7.68,243.6,96.487,4.372,22.6,57.6,168.2,96.9,75.81,1.0,0,5.4,0,0
BATCH-02142,63.8,2.45,55.3,121,47.5,6.0,195.4,95.415,1.975,20.4,50.7,109.3,104.5,99.08,2.9,0,0.5,0,0
BATCH-02143,66.0,2.199,40.9,78,41.1,7.61,200.6,98.467,3.841,51.7,56.6,181.6,64.7,96.56,1.8,0,0.9,0,0
BATCH-02144,63.62,2.716,54.1,128,40.7,7.51,176.0,97.207,1.867,38.5,60.9,161.2,64.4,88.9,2.8,0,1.4,1,0
BATCH-02145,65.12,2.735,46.2,132,28.0,7.34,217.2,96.53,2.783,34.7,48.3,111.3,80.6,87.46,1.4,0,3.6,1,0
BATCH-02146,56.23,2.146,43.8,135,42.5,6.38,214.0,96.099,3.086,30.6,55.6,151.4,94.3,69.4,16.8,0,6.6,0,0
BATCH-02147,53.48,2.144,42.9,54,40.2,7.01,236.0,98.241,2.091,32.2,42.3,175.9,63.0,79.07,1.8,1,0.5,1,1
BATCH-02148,77.76,2.445,52.5,154,39.8,6.03,176.8,100.262,2.57,18.1,65.7,119.6,83.4,82.64,5.3,1,1.1,1,0
BATCH-02149,58.22,2.052,48.3,102,49.2,7.35,181.7,97.387,3.228,31.3,45.5,184.4,71.1,79.24,0.7,0,1.9,0,1
BATCH-02150,57.07,2.921,67.8,137,51.6,6.76,231.7,98.885,1.932,30.6,51.4,112.2,90.5,82.2,8.7,2,0.8,0,0
BATCH-02151,47.77,2.315,36.5,139,47.3,6.55,210.1,97.847,3.836,22.8,64.4,130.2,68.0,95.39,3.9,1,3.2,0,0
BATCH-02152,59.89,1.047,50.2,98,55.0,6.07,163.8,96.066,1.392,25.7,53.4,126.4,91.6,80.67,19.4,1,2.6,1,0
BATCH-02153,54.42,2.313,39.7,137,50.8,5.31,252.3,99.102,4.052,42.1,46.6,184.4,77.6,82.27,2.8,0,1.5,0,1
BATCH-02154,78.14,1.981,36.3,110,42.0,6.18,132.1,96.358,3.301,29.0,60.0,137.7,65.9,90.92,1.1,2,2.9,1,0
BATCH-02155,73.08,1.684,44.9,68,40.4,7.47,231.4,98.032,2.428,46.6,59.8,120.9,81.0,73.64,2.1,2,1.8,0,0
BATCH-02156,59.49,1.881,46.4,149,48.1,6.56,149.4,97.488,2.178,16.1,50.6,161.1,50.9,78.28,6.7,0,1.7,0,0
BATCH-02157,83.02,2.555,74.2,101,50.7,6.7,275.4,99.34,2.094,25.8,51.3,166.5,71.6,79.1,5.4,1,1.2,0,0
BATCH-02158,72.85,3.164,43.2,99,59.0,7.19,138.2,96.413,2.391,17.6,52.0,166.7,85.1,85.44,7.5,1,3.1,0,0
BATCH-02159,62.4,2.657,33.7,110,56.9,7.88,246.1,98.586,2.461,20.3,53.6,143.2,53.4,82.24,0.5,0,2.3,1,0
BATCH-02160,45.0,2.197,47.7,127,39.6,7.6,196.7,96.74,3.504,23.4,41.7,156.4,41.4,82.49,4.3,0,0.9,0,0
BATCH-02161,83.33,2.728,24.3,119,44.0,6.22,185.3,97.233,4.075,32.5,53.7,133.7,44.9,79.68,13.5,0,0.5,0,1
BATCH-02162,53.88,2.27,44.1,134,51.7,5.63,207.4,92.547,2.66,32.1,67.5,191.9,99.9,76.43,0.6,0,0.7,0,1
BATCH-02163,51.84,2.153,45.2,87,55.7,8.22,225.3,101.138,1.823,24.6,48.7,178.6,78.8,89.87,0.5,0,0.5,1,1
BATCH-02164,73.18,1.923,52.9,101,54.4,8.16,163.8,98.826,2.063,12.2,50.9,177.1,72.0,82.3,6.3,1,2.3,1,0
BATCH-02165,84.52,1.624,54.7,117,44.4,6.91,167.4,96.849,2.354,41.8,46.7,169.9,94.2,89.95,1.9,1,1.0,1,1
BATCH-02166,76.07,2.305,40.0,167,32.5,6.04,226.0,96.313,1.676,27.7,59.3,163.0,73.9,76.11,5.4,2,2.2,1,1
BATCH-02167,69.51,2.579,43.5,117,35.0,7.38,131.7,97.257,1.557,21.1,63.4,118.9,84.0,79.68,3.9,1,1.6,0,0
BATCH-02168,69.76,2.452,37.3,147,47.7,6.74,176.6,99.075,4.178,32.2,63.3,165.8,80.4,83.23,20.0,0,3.1,0,0
BATCH-02169,71.83,2.292,33.7,121,48.4,6.73,321.6,95.162,2.742,31.6,46.3,152.9,72.9,83.98,11.0,0,5.1,0,0
BATCH-02170,71.07,2.027,48.1,108,34.0,7.34,161.3,97.788,1.833,27.4,58.5,181.6,84.4,91.03,5.7,2,2.6,0,0
BATCH-02171,67.25,2.804,32.3,114,45.4,7.0,245.9,100.656,3.153,31.2,65.0,170.2,91.6,81.56,1.5,0,0.5,0,0
BATCH-02172,65.83,1.841,40.9,116,51.3,6.09,176.6,96.299,1.557,20.8,58.6,163.8,77.2,90.97,1.5,1,0.5,1,0
BATCH-02173,64.5,2.888,35.0,135,33.5,6.61,220.4,98.121,1.623,36.1,58.3,107.9,73.1,88.0,10.7,0,1.0,1,0
BATCH-02174,58.97,1.999,50.5,154,56.0,7.2,226.2,101.305,1.858,22.0,51.7,147.8,74.9,84.15,4.4,0,2.2,0,0
BATCH-02175,62.75,2.124,63.0,129,41.2,7.11,245.2,98.948,3.824,25.2,56.5,136.1,45.5,77.39,7.8,0,0.5,0,0
BATCH-02176,51.46,1.767,32.0,150,57.6,6.96,192.0,98.189,2.298,35.2,63.7,156.3,84.2,91.06,3.0,0,1.6,1,0
BATCH-02177,64.21,2.249,26.5,96,39.7,7.36,279.6,98.76,0.547,39.6,57.3,139.6,61.9,77.59,0.5,1,8.7,1,0
BATCH-02178,57.09,2.988,43.8,110,34.7,6.58,176.4,97.399,3.468,42.7,46.3,143.1,89.4,84.83,2.0,1,0.5,0,0
BATCH-02179,56.17,2.758,45.2,102,40.4,6.91,209.4,99.949,2.255,38.4,51.8,161.5,78.6,84.57,0.9,0,11.9,0,0
BATCH-02180,66.44,2.989,47.2,128,44.0,4.77,209.8,97.401,1.02,27.4,63.5,139.2,81.6,83.34,7.6,2,7.8,1,1
BATCH-02181,76.14,2.761,40.5,111,41.1,6.53,155.1,95.061,2.247,17.7,57.3,153.0,90.5,81.89,6.0,0,7.1,1,0
BATCH-02182,72.35,1.948,43.0,138,42.8,7.26,188.6,97.413,2.917,41.2,55.8,112.0,66.1,78.42,0.5,0,8.0,0,0
BATCH-02183,52.44,2.335,48.7,97,48.3,6.57,206.5,96.55,2.823,41.0,51.1,129.2,85.5,72.06,4.9,2,0.5,0,0
BATCH-02184,57.08,2.11,55.4,121,43.3,6.52,182.7,97.578,3.939,24.6,63.3,166.4,84.0,96.23,10.4,0,0.7,0,0
BATCH-02185,72.53,3.165,25.4,137,44.3,6.18,297.6,97.611,1.818,37.4,66.6,119.2,77.2,81.07,6.0,2,0.6,1,0
BATCH-02186,57.14,1.902,41.3,68,27.9,7.4,166.5,99.796,2.537,27.3,63.8,181.1,66.1,83.98,3.6,2,0.5,0,0
BATCH-02187,63.2,2.947,47.1,173,48.9,7.13,247.2,99.043,1.94,42.0,65.1,174.4,88.9,83.93,1.9,0,1.6,1,0
BATCH-02188,69.4,2.946,35.8,113,44.1,7.3,234.3,98.395,1.266,25.9,52.5,143.3,90.6,93.76,10.9,0,7.1,0,1
BATCH-02189,57.25,3.415,62.3,69,61.1,5.76,199.4,97.996,3.208,45.8,51.5,225.0,81.7,100.0,2.7,0,1.2,1,0
BATCH-02190,65.84,2.295,38.6,124,35.6,6.7,165.4,96.412,2.871,36.3,53.9,181.1,63.9,86.28,9.7,0,1.1,1,0
BATCH-02191,54.33,2.856,44.6,121,26.9,6.63,169.3,94.728,2.727,44.4,55.3,126.3,72.1,83.74,7.6,1,4.5,0,1
BATCH-02192,60.19,3.641,50.6,118,51.2,6.63,179.3,98.17,2.841,26.3,65.0,168.7,79.1,76.01,8.5,0,0.5,0,0
BATCH-02193,67.56,2.191,39.1,145,48.5,6.43,128.6,99.192,1.952,33.2,63.2,151.6,90.3,73.45,20.0,0,1.8,0,0
BATCH-02194,52.26,1.732,26.5,139,34.9,6.59,159.9,97.837,1.695,22.2,58.8,130.6,56.2,70.81,6.9,1,1.4,1,0
BATCH-02195,68.52,1.56,40.7,127,29.7,7.31,140.7,97.198,2.53,36.8,45.0,123.3,71.5,78.63,0.5,1,7.5,0,0
BATCH-02196,64.84,2.856,55.3,131,60.4,5.65,253.8,98.697,3.429,37.2,43.2,174.9,74.0,68.27,1.1,1,2.9,1,1
BATCH-02197,69.42,1.558,41.6,117,59.1,7.87,224.7,97.875,3.786,49.2,56.7,135.1,78.8,93.63,0.5,1,4.2,1,0
BATCH-02198,66.79,2.314,36.5,164,20.1,7.09,231.4,100.529,3.136,33.9,61.2,147.5,60.5,88.38,1.1,1,0.6,0,1
BATCH-02199,75.91,2.719,54.3,83,40.4,6.77,223.6,99.849,2.523,35.8,54.4,127.0,76.7,82.99,0.5,2,10.6,1,0
BATCH-02200,66.0,2.593,41.7,123,61.6,7.34,206.7,99.439,2.716,26.2,68.4,131.3,75.3,93.88,3.5,0,1.6,1,0
BATCH-02201,61.56,2.713,39.9,122,40.2,5.93,258.4,99.137,2.509,34.3,47.4,146.8,64.4,76.43,0.5,1,4.9,1,0
BATCH-02202,65.98,2.611,46.5,140,40.1,6.4,175.6,96.065,1.679,27.0,46.5,159.7,78.2,78.44,3.2,0,12.4,0,0
BATCH-02203,69.35,3.139,52.7,99,42.2,6.73,204.3,98.994,2.52,30.9,50.4,85.3,71.9,69.53,11.5,2,2.8,1,0
BATCH-02204,65.39,2.024,68.8,76,33.8,7.62,229.9,98.564,1.432,31.4,50.1,150.4,87.4,91.19,6.9,0,2.8,0,0
BATCH-02205,65.32,2.162,53.3,124,28.0,6.77,147.2,98.91,2.401,27.2,58.7,131.3,66.7,78.52,14.4,2,0.5,1,0
BATCH-02206,59.38,2.114,56.6,127,55.5,7.07,323.9,98.739,3.809,30.5,52.0,185.1,81.3,85.13,1.3,1,2.0,0,0
BATCH-02207,59.7,2.915,39.9,157,26.6,6.45,201.1,98.679,3.158,27.0,44.2,223.6,67.9,93.02,3.8,1,7.7,1,0
BATCH-02208,53.78,2.95,34.7,88,47.5,7.09,205.7,102.0,1.762,27.0,61.2,141.0,71.0,95.97,1.9,0,0.6,1,1
BATCH-02209,79.0,2.726,45.6,149,53.9,7.81,250.3,97.886,2.442,38.6,42.7,106.9,84.5,84.77,3.4,0,10.0,0,0
BATCH-02210,55.05,3.092,46.1,179,30.5,7.4,236.6,99.405,1.832,31.4,47.5,152.9,83.5,88.07,4.1,1,4.4,0,1
BATCH-02211,59.46,1.911,34.2,111,35.8,6.75,201.5,97.294,2.45,32.8,43.6,144.9,73.7,77.77,0.5,0,2.2,0,0
BATCH-02212,59.25,3.334,43.2,88,57.1,7.21,205.2,99.186,3.333,18.3,56.4,199.3,76.0,98.47,1.3,2,3.2,0,0
BATCH-02213,72.16,3.262,49.0,110,50.3,7.15,139.8,99.409,3.022,33.4,56.3,191.7,58.2,83.67,6.1,1,0.7,1,0
BATCH-02214,62.64,2.868,48.6,120,38.8,7.1,177.7,98.547,4.487,34.2,68.4,171.6,101.0,85.64,7.4,2,1.0,1,0
BATCH-02215,74.98,3.391,50.0,134,57.0,7.47,220.7,100.504,3.454,26.8,61.4,135.3,90.3,81.75,4.2,0,1.3,0,0
BATCH-02216,59.61,1.672,47.9,105,57.1,7.46,217.8,96.674,2.663,46.7,65.1,166.9,89.8,94.59,1.6,0,1.9,0,0
BATCH-02217,67.23,2.238,39.9,159,47.7,6.72,248.8,97.269,3.042,11.7,57.0,156.6,56.1,86.6,2.6,1,9.9,1,0
BATCH-02218,58.32,2.132,39.9,92,36.0,7.19,195.2,98.319,2.338,36.3,48.2,156.0,71.1,91.09,0.5,0,1.8,0,0
BATCH-02219,82.16,2.861,33.0,77,40.9,6.57,144.5,99.321,1.598,35.7,55.9,111.0,75.0,87.83,15.3,2,3.0,1,1
BATCH-02220,55.5,1.975,62.8,148,47.9,6.25,242.3,98.269,3.545,34.3,59.1,176.5,51.0,83.24,10.2,1,0.7,0,1
BATCH-02221,67.48,2.879,45.1,63,43.1,6.64,257.4,99.929,3.307,31.4,59.9,152.7,93.3,92.44,0.5,0,5.3,1,1
BATCH-02222,70.07,3.185,42.8,115,54.4,6.75,235.9,97.007,2.307,34.4,51.7,147.5,101.8,87.76,0.9,1,3.3,0,0
BATCH-02223,68.31,2.848,35.7,198,29.7,5.8,193.5,96.289,2.719,36.9,58.4,135.0,110.9,77.31,4.4,1,2.3,0,0
BATCH-02224,63.52,2.642,74.4,120,30.1,7.32,241.8,98.462,3.493,24.2,48.5,130.2,64.3,77.09,1.3,1,11.8,0,1
BATCH-02225,63.96,2.006,34.3,92,46.8,5.14,337.2,97.884,3.177,32.4,47.7,157.9,81.8,86.19,13.6,1,8.9,1,1
BATCH-02226,65.35,2.077,40.7,119,40.1,8.43,204.6,98.814,1.33,28.5,47.2,106.3,99.8,92.26,7.0,0,4.3,0,0
BATCH-02227,63.82,3.125,49.2,119,38.7,7.7,147.5,97.959,2.695,21.2,55.2,169.7,76.2,98.12,1.6,0,10.2,1,0
BATCH-02228,72.71,2.89,51.0,124,27.3,6.64,176.5,97.49,2.366,35.7,46.8,123.6,71.5,70.78,0.5,1,3.3,0,0
BATCH-02229,82.68,2.48,54.6,137,45.2,6.81,225.0,97.888,3.39,25.5,52.0,98.5,52.0,85.21,8.0,0,7.0,0,1
BATCH-02230,60.54,2.291,63.1,94,44.5,6.98,135.8,98.043,3.325,18.0,61.3,195.5,97.0,88.92,2.8,1,2.1,0,0
BATCH-02231,54.04,1.487,50.1,162,51.5,6.45,206.8,97.543,3.555,25.7,47.8,128.5,79.7,87.37,5.1,1,0.5,0,0
BATCH-02232,64.29,1.965,34.4,126,45.7,6.92,215.2,97.695,1.606,23.6,51.5,131.9,69.1,93.07,1.7,2,15.0,0,1
BATCH-02233,85.64,3.456,42.4,138,43.7,6.71,261.4,97.395,1.873,38.2,55.5,178.4,84.3,90.24,0.8,2,0.7,0,0
BATCH-02234,58.57,1.86,48.1,104,56.8,6.74,252.4,99.285,3.391,31.2,56.7,196.4,82.3,77.12,5.6,1,1.2,1,1
BATCH-02235,78.11,2.595,65.7,152,31.9,6.91,234.6,98.291,2.027,41.1,51.5,111.7,82.5,76.88,3.0,0,0.7,1,0
BATCH-02236,78.42,3.004,31.0,114,50.4,6.01,113.5,101.385,1.283,24.7,60.5,126.1,76.7,87.5,1.3,0,1.6,1,1
BATCH-02237,60.57,1.873,57.0,127,28.3,6.82,236.8,98.241,2.926,37.0,59.1,127.9,104.3,92.92,0.7,0,1.4,0,0
BATCH-02238,69.55,2.592,46.8,97,36.6,6.9,228.2,97.174,2.062,52.7,63.0,173.4,78.0,86.15,4.3,0,3.7,0,0
BATCH-02239,78.03,2.969,53.4,95,32.9,6.88,210.2,102.0,3.932,32.8,54.4,191.0,104.3,72.38,6.5,1,15.0,0,0
BATCH-02240,61.97,2.506,44.0,137,52.8,6.67,130.8,98.62,2.737,36.9,51.4,123.0,88.5,76.62,1.7,2,0.5,0,0
BATCH-02241,63.37,3.934,36.6,109,44.3,7.48,168.9,99.485,2.628,35.5,50.2,185.4,85.3,90.53,6.6,0,6.0,0,0
BATCH-02242,60.35,1.666,52.5,99,44.9,6.59,153.3,98.888,2.205,18.6,57.1,132.3,78.3,82.21,1.0,0,0.5,0,0
BATCH-02243,56.88,3.029,51.5,104,33.9,6.94,119.4,98.935,3.773,34.7,52.4,158.4,94.6,85.94,2.1,1,0.5,0,0
BATCH-02244,59.81,2.414,54.7,137,42.0,7.58,199.9,98.803,2.787,32.5,51.0,118.2,81.7,93.52,6.8,2,4.1,0,0
BATCH-02245,55.21,2.886,44.9,104,37.4,6.75,168.1,96.347,2.173,27.9,51.9,147.0,66.0,75.38,5.4,0,8.3,0,0
BATCH-02246,65.27,2.721,39.0,117,48.8,6.93,305.0,98.551,1.865,22.9,50.2,147.2,65.5,81.69,1.6,0,0.8,0,1
BATCH-02247,58.84,2.133,29.4,120,35.1,6.74,193.2,96.013,2.441,35.6,56.4,142.1,86.3,80.82,0.7,2,1.7,0,0
BATCH-02248,66.87,2.614,53.2,72,58.3,7.54,251.8,97.738,1.718,22.2,45.1,159.6,66.4,87.84,0.5,0,0.7,1,0
BATCH-02249,52.55,1.571,49.2,83,28.2,6.65,137.2,96.912,3.323,47.1,57.1,124.8,79.1,91.18,9.1,1,9.5,0,0
BATCH-02250,67.65,2.802,35.3,128,36.9,7.57,178.8,98.536,1.053,30.9,59.7,127.9,95.9,73.16,0.5,1,1.3,0,0
BATCH-02251,71.67,2.649,39.6,102,61.8,6.74,203.9,98.501,2.388,20.2,50.9,160.9,84.6,84.96,0.6,0,2.4,0,0
BATCH-02252,49.05,2.819,40.3,146,40.6,6.28,163.7,98.722,2.988,25.9,68.5,183.6,69.2,91.95,1.4,0,9.0,0,1
BATCH-02253,67.99,3.029,30.2,144,31.9,7.21,183.1,98.431,2.774,27.8,55.1,149.4,101.1,70.16,2.9,2,3.2,1,0
BATCH-02254,74.82,2.684,36.8,138,47.2,6.62,191.3,97.09,1.926,49.3,44.1,162.6,88.2,84.48,7.8,0,10.8,0,0
BATCH-02255,55.32,2.574,33.7,165,40.2,7.17,190.6,97.608,3.028,22.9,53.0,169.0,95.3,75.27,1.4,0,10.4,0,1
BATCH-02256,78.38,2.059,40.9,118,36.6,5.16,274.2,99.381,1.791,29.1,55.4,170.8,46.0,79.87,3.9,1,2.5,1,0
BATCH-02257,68.35,2.144,37.6,136,34.0,6.8,215.1,99.602,2.482,25.7,58.1,126.2,85.0,64.96,0.5,0,3.5,0,0
BATCH-02258,59.36,3.093,28.7,105,72.7,6.52,219.2,96.28,3.021,34.0,53.2,130.6,92.6,96.14,3.1,1,1.0,1,0
BATCH-02259,64.55,3.218,65.2,181,42.5,6.16,221.6,95.704,2.87,25.8,47.9,132.7,105.5,82.15,1.0,2,15.0,1,1
BATCH-02260,69.47,2.381,57.5,170,25.7,6.47,224.5,96.91,1.96,20.9,47.3,198.2,58.0,78.54,1.2,2,1.3,0,1
BATCH-02261,65.61,2.523,37.2,120,59.9,6.46,196.7,99.568,3.458,28.4,50.4,162.7,98.1,87.63,2.3,0,6.1,0,0
BATCH-02262,69.31,2.048,47.7,130,51.1,6.77,187.2,99.822,2.569,27.6,51.1,161.6,104.7,76.66,7.2,0,1.5,1,0
BATCH-02263,57.63,3.086,49.2,154,37.3,5.98,206.7,96.613,3.094,25.3,47.1,159.2,49.7,75.9,6.8,0,1.5,1,0
BATCH-02264,66.35,2.833,56.9,116,35.7,6.99,246.3,98.461,3.723,25.7,49.9,117.0,87.2,97.08,2.7,2,0.5,1,0
BATCH-02265,53.69,3.471,36.8,104,51.7,7.62,245.0,100.752,3.394,39.5,59.6,198.5,89.3,99.47,0.6,0,3.3,0,0
BATCH-02266,64.11,2.061,55.9,142,42.5,6.97,190.4,98.623,3.396,27.4,66.5,162.0,75.1,80.26,1.6,0,1.1,0,0
BATCH-02267,57.77,2.311,39.5,122,25.7,7.29,230.7,100.132,2.654,20.9,60.3,168.1,72.6,93.54,3.5,2,0.6,1,0
BATCH-02268,59.12,2.616,31.6,125,62.9,7.46,192.2,99.498,3.135,26.3,64.1,105.9,90.0,87.85,10.2,1,1.0,0,0
BATCH-02269,74.89,2.823,52.2,99,40.7,7.54,201.4,96.635,2.671,30.4,61.8,169.5,70.8,73.69,17.3,0,1.2,0,0
BATCH-02270,73.73,2.392,57.9,77,60.0,7.92,181.1,97.715,1.533,19.3,60.8,141.1,76.7,77.57,5.1,0,2.8,1,0
BATCH-02271,69.87,2.064,70.9,126,57.8,6.5,192.7,98.052,2.742,43.0,52.6,116.9,92.2,97.41,2.2,1,2.0,0,0
BATCH-02272,56.26,2.941,33.0,143,35.0,6.37,253.7,98.156,2.705,36.9,56.0,126.2,106.3,73.59,5.9,1,0.5,1,0
BATCH-02273,62.47,2.861,52.0,114,55.3,7.27,203.7,99.374,2.967,41.4,52.1,118.4,88.1,100.0,2.0,1,3.1,1,0
BATCH-02274,74.7,2.042,40.9,156,38.5,7.22,205.4,98.613,2.398,33.1,53.5,118.0,82.0,80.43,4.9,0,6.2,0,0
BATCH-02275,66.13,3.178,52.8,102,26.3,7.27,142.1,93.596,1.891,13.3,55.5,151.5,72.3,97.65,1.4,0,3.4,1,1
BATCH-02276,83.55,3.085,30.3,94,40.8,7.93,187.6,96.031,3.025,42.3,60.0,140.3,64.8,82.56,1.6,1,14.7,1,1
BATCH-02277,68.15,2.567,32.4,118,49.0,6.81,190.3,94.719,1.449,23.1,58.0,158.4,96.6,91.4,0.5,2,0.5,0,1
BATCH-02278,66.54,2.54,37.2,118,40.4,7.06,166.8,98.263,3.667,23.7,53.9,191.9,77.7,96.16,2.7,0,6.9,0,0
BATCH-02279,62.53,2.777,45.8,139,41.9,6.21,200.9,98.361,2.315,31.3,55.4,146.8,97.3,96.12,4.8,0,2.8,0,0
BATCH-02280,66.07,2.069,38.6,101,56.4,8.08,182.8,98.425,2.696,41.0,58.0,93.9,75.1,80.33,7.8,1,2.9,1,0
BATCH-02281,63.78,2.515,51.6,154,46.1,6.6,203.2,96.562,2.947,38.4,59.7,144.0,70.3,78.14,8.3,1,2.9,0,0
BATCH-02282,70.66,1.424,55.3,169,36.6,6.62,204.9,99.011,2.973,37.3,44.4,179.8,86.3,84.35,20.0,0,1.6,0,0
BATCH-02283,72.65,2.938,51.0,119,52.0,6.59,161.8,99.074,1.373,27.5,47.5,147.9,78.9,74.6,0.5,1,1.6,0,0
BATCH-02284,58.71,1.719,61.2,151,47.0,6.41,184.1,96.117,3.159,27.4,62.8,188.2,61.9,86.91,3.4,2,4.0,0,0
BATCH-02285,54.35,3.252,49.2,94,20.0,6.36,203.1,95.801,2.743,32.8,54.6,161.3,107.3,78.43,3.7,1,0.5,0,0
BATCH-02286,50.31,2.335,32.8,147,49.3,6.49,247.4,98.0,1.992,29.0,52.0,104.0,70.6,93.66,8.2,0,3.6,0,0
BATCH-02287,69.06,2.394,58.6,146,48.9,5.98,210.3,100.688,1.9,37.1,53.2,152.7,93.9,80.44,1.5,2,5.2,0,0
BATCH-02288,56.17,2.186,38.9,142,45.2,6.33,173.5,100.55,2.233,36.6,53.2,157.4,92.6,71.06,0.5,0,1.8,0,0
BATCH-02289,47.78,2.356,54.1,120,53.9,7.97,216.0,98.845,1.461,34.7,58.9,177.0,61.1,96.21,1.9,0,1.0,1,0
BATCH-02290,68.11,3.209,60.7,50,38.3,7.24,268.3,96.905,3.878,10.0,47.2,195.5,65.0,86.47,20.0,1,1.0,1,0
BATCH-02291,84.94,1.256,49.6,104,48.4,7.36,236.7,99.33,3.689,31.0,55.2,172.7,75.5,85.23,11.5,1,0.5,0,0
BATCH-02292,64.95,3.138,30.0,104,29.3,7.51,221.9,97.321,2.861,29.1,56.7,161.0,67.0,93.76,2.5,2,0.5,1,0
BATCH-02293,71.71,2.669,35.8,96,49.1,7.9,229.0,96.849,2.321,31.3,57.8,166.9,105.9,91.97,10.4,0,0.7,0,0
BATCH-02294,65.65,1.896,58.2,123,64.5,5.74,257.6,94.784,2.342,24.0,56.6,145.8,77.0,78.91,0.5,0,0.5,0,0
BATCH-02295,64.21,1.962,43.3,110,35.1,6.06,243.0,98.154,3.106,19.4,58.6,113.4,93.3,81.4,1.9,2,1.2,0,0
BATCH-02296,72.35,3.338,45.8,99,37.4,6.32,222.7,97.055,3.906,33.7,51.0,151.0,87.7,76.1,6.5,0,1.5,0,0
BATCH-02297,62.68,2.027,52.6,94,37.9,6.52,242.7,98.145,2.044,27.1,48.4,159.1,84.0,73.28,1.3,0,15.0,0,0
BATCH-02298,67.14,1.923,52.0,102,46.3,6.62,156.7,94.551,1.606,34.6,72.2,119.9,80.6,89.63,1.1,1,15.0,0,0
BATCH-02299,67.57,3.069,47.8,148,34.4,6.53,139.9,98.255,3.738,24.6,52.9,183.2,98.6,88.14,9.9,2,0.8,0,1
BATCH-02300,59.66,2.669,42.9,103,49.2,6.93,206.3,94.353,1.07,41.3,53.7,175.1,67.6,91.09,4.8,1,1.0,0,0
BATCH-02301,72.94,2.031,41.9,107,53.5,6.82,202.7,99.632,1.693,38.0,59.7,115.7,105.9,95.25,20.0,0,2.7,0,0
BATCH-02302,63.6,2.608,53.6,109,50.3,6.37,178.2,98.783,2.303,32.4,66.2,184.1,60.7,91.2,0.7,1,0.6,1,0
BATCH-02303,58.95,1.987,50.5,128,27.3,5.49,233.0,97.582,1.252,28.3,51.2,142.3,91.7,91.91,2.2,2,2.8,0,0
BATCH-02304,69.29,3.05,42.4,131,55.0,6.2,125.5,98.844,3.39,36.8,48.0,130.5,58.9,68.38,1.9,2,2.0,1,1
BATCH-02305,57.81,3.031,55.8,50,54.4,6.47,178.6,96.533,3.186,33.1,46.3,177.0,75.3,82.54,10.6,0,1.6,0,0
BATCH-02306,65.23,2.766,43.7,146,53.3,6.65,180.6,98.109,2.04,31.9,66.2,148.7,81.4,92.72,1.5,2,6.9,0,0
BATCH-02307,64.93,2.681,36.5,156,48.7,6.12,134.5,99.192,3.524,38.3,47.7,197.5,72.7,75.65,2.2,2,7.0,1,1
BATCH-02308,73.69,3.381,37.4,94,47.2,6.51,259.8,93.359,3.659,41.4,54.8,128.7,77.3,85.73,0.8,1,15.0,1,1
BATCH-02309,68.8,2.5,35.2,96,55.3,6.12,145.6,97.329,2.409,20.0,48.2,106.7,59.2,89.16,7.5,1,1.0,0,0
BATCH-02310,64.8,1.909,42.3,109,64.2,6.72,176.5,97.966,2.139,21.6,44.9,143.0,65.2,88.54,1.4,0,8.8,0,0
BATCH-02311,71.54,2.725,57.3,101,35.5,6.16,236.3,97.706,4.308,23.8,53.0,169.7,87.5,87.95,0.5,1,3.1,0,0
BATCH-02312,76.12,3.543,36.9,126,55.8,6.29,225.8,100.186,3.077,18.0,48.4,126.8,80.4,89.79,2.9,1,3.6,1,0
BATCH-02313,69.46,1.993,46.9,71,44.1,6.01,155.7,96.314,2.705,29.5,50.2,116.7,69.6,86.45,2.5,0,9.1,0,0
BATCH-02314,65.08,2.319,38.4,92,43.7,6.71,227.3,97.068,3.591,34.8,69.0,155.7,99.9,73.3,1.0,0,11.4,1,0
BATCH-02315,54.51,2.708,42.4,158,29.6,6.28,211.6,95.126,2.742,29.8,58.0,113.4,61.7,89.06,0.7,0,5.2,1,0
BATCH-02316,56.48,2.473,29.9,97,42.2,7.34,293.3,100.265,2.096,25.7,61.5,157.7,74.6,87.28,11.3,2,1.7,0,0
BATCH-02317,62.56,2.009,42.8,151,35.0,7.04,216.2,97.631,2.564,39.0,60.8,141.5,72.4,73.4,0.5,1,2.7,1,0
BATCH-02318,60.12,3.061,43.1,129,40.4,6.76,194.4,97.342,3.331,31.1,54.3,162.4,89.2,96.04,0.5,0,3.8,1,0
BATCH-02319,63.5,3.66,50.4,75,34.0,6.32,165.7,97.921,0.906,32.7,51.9,115.4,80.7,89.27,1.4,2,7.1,0,0
BATCH-02320,65.45,2.598,47.2,136,40.5,7.03,170.2,98.954,2.27,39.2,56.7,182.5,78.4,73.96,15.3,1,4.3,0,0
BATCH-02321,69.24,2.048,33.0,117,40.9,7.21,167.0,98.521,3.606,29.0,56.2,145.4,52.3,78.46,0.5,2,1.8,1,0
BATCH-02322,64.44,1.726,55.8,109,46.0,6.89,254.8,101.972,2.091,46.5,51.0,169.1,93.0,80.49,8.5,0,2.2,0,1
BATCH-02323,68.89,2.629,47.1,126,28.9,7.76,200.7,98.681,3.737,26.4,55.9,174.0,76.7,80.48,11.1,1,0.5,1,0
BATCH-02324,65.52,3.052,47.0,132,30.5,7.08,222.6,97.302,3.632,46.0,50.1,121.1,81.7,87.34,2.4,1,10.3,0,0
BATCH-02325,49.2,2.738,44.9,138,48.6,7.35,260.6,97.158,2.448,22.2,53.8,172.1,68.8,77.19,1.7,0,0.5,0,0
BATCH-02326,57.49,2.499,39.8,149,37.0,6.88,105.7,97.411,2.045,34.1,52.7,114.4,66.4,94.03,5.7,0,3.5,1,0
BATCH-02327,63.85,2.205,47.2,130,55.7,7.21,251.2,95.747,2.27,24.9,46.1,115.7,102.5,93.37,6.1,0,8.2,0,0
BATCH-02328,55.32,1.954,49.8,86,47.3,6.32,202.2,98.06,4.632,39.0,38.5,199.1,53.4,89.95,7.6,1,2.2,0,1
BATCH-02329,69.8,2.917,27.5,108,51.1,6.52,217.4,99.175,4.0,26.2,48.4,177.8,64.2,85.35,8.9,0,6.4,1,0
BATCH-02330,77.25,2.957,39.6,194,59.1,7.01,166.9,97.08,2.6,32.3,67.6,201.8,102.2,92.5,1.6,0,6.5,1,0
BATCH-02331,74.75,1.727,42.5,138,41.9,7.01,169.8,96.789,2.013,24.8,52.8,140.7,89.6,82.79,5.8,0,0.5,0,0
BATCH-02332,63.29,3.295,47.6,179,39.3,7.1,219.6,100.274,2.594,37.5,60.4,152.6,75.1,79.2,0.7,0,2.1,1,0
BATCH-02333,76.93,2.787,56.9,155,53.7,7.46,295.4,95.86,2.695,24.8,40.1,163.2,98.7,94.52,3.6,2,4.7,0,1
BATCH-02334,66.19,3.2,37.3,126,50.1,5.95,240.1,94.898,1.505,43.5,47.9,149.7,86.7,87.54,4.7,0,2.2,1,0
BATCH-02335,62.3,1.829,40.0,128,43.1,6.22,250.6,96.271,2.564,22.0,45.5,131.3,83.5,79.53,0.9,1,3.2,0,0
BATCH-02336,60.09,1.817,39.9,119,58.9,6.94,192.3,95.689,3.558,19.2,53.6,127.6,83.4,81.66,0.5,0,3.6,0,1
BATCH-02337,62.58,2.426,37.0,77,42.9,6.37,176.0,98.579,1.061,37.6,72.0,155.3,87.0,79.11,1.1,0,0.7,1,0
BATCH-02338,61.89,2.751,41.5,120,45.3,8.83,168.8,97.459,3.161,25.3,58.2,123.3,87.6,100.0,2.7,2,2.1,1,1
BATCH-02339,66.36,3.398,52.7,150,45.2,7.11,180.5,97.67,3.6,29.9,66.9,122.6,112.9,85.03,10.9,2,0.5,1,0
BATCH-02340,66.28,2.853,34.5,105,35.7,6.75,117.9,99.729,2.052,27.4,53.2,159.8,77.1,86.26,3.8,0,0.6,0,0
BATCH-02341,65.02,2.379,49.3,130,45.8,6.49,171.0,96.963,3.855,19.5,64.6,147.6,77.5,90.77,6.9,0,2.9,1,0
BATCH-02342,68.5,1.987,28.0,141,59.0,6.51,177.6,99.163,1.948,29.4,69.5,173.4,61.4,75.28,1.0,0,3.4,0,0
BATCH-02343,74.53,3.115,39.4,97,49.4,6.82,193.0,100.267,2.853,40.1,54.2,139.4,79.2,93.77,0.6,0,0.6,0,0
BATCH-02344,72.6,2.018,41.7,109,45.3,6.87,205.3,97.317,2.255,38.0,51.2,135.5,107.9,80.14,1.4,1,5.6,1,0
BATCH-02345,53.12,3.314,61.7,95,43.4,6.53,214.5,99.106,2.254,31.9,45.8,160.6,94.8,99.64,1.9,0,1.9,0,0
BATCH-02346,44.57,2.358,42.3,99,48.3,6.64,199.4,97.637,2.006,38.9,52.8,129.7,71.8,82.5,4.0,1,10.1,0,0
BATCH-02347,72.47,3.295,23.0,88,52.5,7.61,176.7,99.386,3.059,21.5,55.6,133.5,80.5,93.3,10.7,1,2.0,1,0
BATCH-02348,54.06,2.839,25.0,97,51.1,7.63,121.5,95.643,3.179,27.4,69.2,134.5,60.6,65.03,2.8,0,0.6,1,1
BATCH-02349,63.2,2.432,45.3,155,41.7,6.95,177.0,95.532,2.448,33.2,45.9,144.8,65.5,75.6,3.7,1,5.7,1,0
BATCH-02350,55.64,2.24,51.1,97,48.2,6.0,161.1,97.413,1.412,29.0,55.4,194.3,82.2,82.65,0.5,2,3.4,0,0
BATCH-02351,50.58,2.33,48.8,123,49.8,7.12,218.6,96.667,2.823,28.0,42.3,115.6,72.6,68.75,0.5,1,2.0,0,0
BATCH-02352,69.33,2.714,46.7,107,34.9,7.73,236.4,97.225,2.838,20.4,52.0,182.4,64.3,89.81,0.5,2,1.8,0,0
BATCH-02353,71.07,2.539,56.6,149,46.7,7.62,237.5,97.671,2.327,13.3,57.2,168.4,87.3,87.5,6.0,1,0.7,0,0
BATCH-02354,60.39,2.203,39.6,153,23.4,7.24,230.3,99.08,3.994,36.5,58.6,189.2,78.8,77.07,3.3,1,1.7,0,0
BATCH-02355,44.27,2.417,53.9,142,49.8,7.65,194.7,97.389,1.249,31.9,59.1,228.4,56.5,84.87,1.1,2,0.5,0,1
BATCH-02356,60.63,2.539,28.7,128,51.6,6.83,179.1,96.764,0.726,37.2,57.8,185.8,48.9,91.45,4.5,1,2.8,0,0
BATCH-02357,68.13,1.436,36.0,114,52.5,7.18,170.1,97.473,1.915,26.5,59.1,173.1,71.4,68.18,3.9,1,9.1,0,0
BATCH-02358,53.17,2.729,26.9,90,41.0,6.39,139.7,96.846,3.068,24.3,55.3,117.2,56.2,74.81,0.5,0,6.3,1,0
BATCH-02359,66.47,2.01,42.3,169,48.1,6.98,239.7,96.599,1.655,30.1,47.7,120.3,52.0,82.32,5.1,2,0.5,0,1
BATCH-02360,64.88,1.923,44.5,101,59.2,7.6,193.0,95.58,1.715,36.8,42.0,159.0,96.9,85.19,7.3,0,8.5,1,0
BATCH-02361,69.63,1.656,46.1,137,59.1,6.45,150.1,98.104,3.261,28.1,51.2,107.5,78.5,84.53,1.7,0,2.4,0,0
BATCH-02362,65.96,1.603,45.6,146,44.7,6.28,166.9,97.147,2.87,36.4,54.1,165.4,76.0,92.11,5.8,1,0.8,0,0
BATCH-02363,57.22,1.822,35.7,106,46.4,6.86,165.3,99.449,2.802,21.9,63.8,96.6,77.2,88.82,1.1,1,5.6,0,0
BATCH-02364,74.57,2.145,43.1,146,56.1,6.66,201.7,95.829,3.125,28.7,54.3,178.8,62.9,90.57,7.1,1,1.6,0,0
BATCH-02365,63.73,3.477,30.0,139,30.0,7.19,242.7,97.187,2.16,29.4,53.6,142.0,86.2,73.88,12.1,1,1.2,0,0
BATCH-02366,64.78,2.237,58.6,163,41.8,6.53,186.1,100.719,2.197,39.8,57.7,153.2,78.0,86.16,2.9,0,0.7,1,0
BATCH-02367,57.53,2.589,42.0,108,58.4,7.83,109.9,96.591,3.148,31.7,53.1,131.3,68.6,82.54,1.4,2,2.7,0,1
BATCH-02368,61.45,2.7,40.1,88,54.8,6.03,192.4,97.645,1.424,44.0,60.7,102.5,70.9,96.7,2.5,1,0.5,1,0
BATCH-02369,57.92,2.566,60.9,107,48.7,7.55,193.8,96.176,0.786,19.2,68.9,180.9,61.6,86.4,1.4,2,6.2,1,0
BATCH-02370,63.62,2.461,32.6,125,29.9,6.34,191.0,95.977,2.153,31.0,70.3,183.4,73.9,79.65,0.5,0,2.5,0,0
BATCH-02371,78.69,1.902,33.7,121,44.5,5.72,174.9,100.321,3.245,31.4,55.7,141.2,76.4,91.82,5.3,1,2.4,0,0
BATCH-02372,54.02,3.225,34.0,110,39.1,6.94,208.7,98.257,2.704,35.0,57.4,166.5,73.5,89.51,0.5,1,0.5,1,1
BATCH-02373,52.09,3.404,44.3,72,48.3,6.65,202.6,98.201,3.186,23.5,66.1,140.2,80.8,78.43,1.2,0,6.8,1,0
BATCH-02374,76.77,1.659,49.3,132,36.9,6.13,199.0,95.456,0.887,43.5,54.0,157.2,78.8,82.21,6.4,2,2.7,1,0
BATCH-02375,63.33,1.988,52.4,169,34.7,5.79,216.5,98.538,2.752,30.1,59.8,169.0,83.5,82.35,5.5,0,2.3,1,0
BATCH-02376,59.65,2.36,70.7,132,24.4,6.79,182.8,99.736,3.023,21.3,47.1,163.9,94.1,94.82,0.5,1,5.7,0,1
BATCH-02377,73.32,2.018,22.5,135,57.2,7.39,180.5,99.724,1.419,29.9,52.8,183.5,88.9,86.63,5.4,1,0.5,0,0
BATCH-02378,60.16,2.753,51.1,134,41.0,7.15,255.2,99.002,3.19,27.5,63.1,163.0,94.3,90.81,13.3,1,1.8,1,0
BATCH-02379,79.61,2.136,39.4,130,46.6,6.83,222.4,96.306,2.411,52.3,50.0,150.7,67.3,81.05,0.5,1,3.4,0,0
BATCH-02380,70.42,3.583,39.1,143,45.0,7.09,233.1,98.47,4.957,38.4,54.1,131.0,72.4,87.68,2.7,0,2.5,0,0
BATCH-02381,61.1,3.095,38.8,130,34.3,6.78,249.0,99.001,0.758,30.4,44.0,138.0,89.8,95.43,6.5,1,0.8,1,0
BATCH-02382,82.26,2.606,35.9,112,32.4,5.94,221.0,95.308,3.595,29.1,69.0,170.3,90.1,82.11,5.5,0,1.4,0,0
BATCH-02383,60.15,3.013,61.8,100,34.9,5.95,237.1,96.318,2.185,37.6,63.8,112.5,69.8,85.92,1.3,0,1.4,0,0
BATCH-02384,70.94,3.053,53.4,114,37.8,6.68,136.8,99.332,1.206,38.0,56.3,177.6,89.2,74.09,0.9,0,15.0,1,0
BATCH-02385,67.39,2.218,45.2,128,48.7,6.7,208.2,99.314,2.078,10.0,58.6,143.0,65.8,78.88,7.7,0,1.6,0,0
BATCH-02386,75.41,2.092,58.5,112,37.0,7.31,192.7,95.677,2.722,35.1,57.8,129.5,87.2,82.32,15.6,1,0.9,1,0
BATCH-02387,77.49,2.539,29.9,128,62.5,7.25,267.1,99.193,3.33,30.2,64.7,122.5,79.6,76.51,7.3,2,6.9,1,0
BATCH-02388,65.26,2.931,31.7,131,55.3,7.16,237.1,98.143,3.878,19.5,51.4,166.9,59.2,95.58,16.5,0,2.2,0,0
BATCH-02389,58.97,2.57,23.2,141,53.1,6.63,174.8,99.172,3.638,37.0,60.1,149.6,73.5,78.3,4.6,0,2.3,0,0
BATCH-02390,68.68,1.712,38.0,152,43.8,5.97,214.9,97.048,1.728,48.0,62.5,189.7,112.7,91.29,13.2,0,3.2,1,0
BATCH-02391,59.58,2.099,46.6,122,60.1,7.05,206.7,98.968,3.404,34.5,63.5,118.4,83.0,86.49,5.9,1,3.6,0,0
BATCH-02392,81.11,2.463,46.0,87,42.8,7.12,218.2,99.266,2.813,38.8,39.2,135.5,114.5,85.25,12.0,0,3.6,0,1
BATCH-02393,66.09,2.462,46.5,111,44.7,5.37,159.2,97.473,1.976,44.4,50.8,147.7,58.3,96.89,0.9,0,0.5,1,0
BATCH-02394,62.08,3.486,30.9,121,46.7,6.3,214.4,98.027,2.33,23.4,47.9,131.2,91.3,66.92,8.5,1,6.8,1,0
BATCH-02395,66.48,1.807,53.0,74,52.0,6.39,190.9,97.027,1.932,15.1,56.0,150.2,42.0,83.43,1.1,0,0.9,0,0
BATCH-02396,54.22,2.753,47.4,155,51.4,6.87,211.3,100.477,2.53,35.3,40.9,158.0,80.0,76.36,0.5,0,1.4,0,0
BATCH-02397,57.23,3.245,52.3,124,40.2,6.32,171.0,97.82,1.916,28.0,40.7,162.1,89.5,69.31,3.6,0,0.8,1,1
BATCH-02398,74.6,3.636,26.1,130,39.7,6.78,176.6,96.617,1.678,19.0,70.2,187.7,92.6,75.44,1.9,0,5.8,1,0
BATCH-02399,59.74,2.298,48.1,154,51.4,6.67,247.0,96.926,2.883,29.4,59.3,117.4,68.0,85.14,0.5,0,3.5,0,0
BATCH-02400,56.62,2.746,33.1,104,52.2,6.7,157.9,98.19,3.003,35.8,55.8,158.4,95.6,79.2,19.6,1,5.6,1,0
BATCH-02401,69.29,2.785,41.0,134,41.1,6.37,160.9,99.13,2.35,28.8,57.5,133.8,72.0,92.17,5.5,0,4.2,0,1
BATCH-02402,74.49,2.598,50.3,117,29.1,6.42,197.9,95.996,3.594,23.7,56.0,160.8,77.5,83.29,11.6,0,0.5,0,0
BATCH-02403,70.75,2.451,45.9,115,42.9,6.15,169.1,100.771,2.292,28.2,62.0,160.8,73.5,82.4,20.0,0,1.4,0,0
BATCH-02404,72.97,2.718,36.5,101,51.2,7.03,164.6,98.463,2.258,29.8,50.6,125.3,63.0,82.44,2.5,1,2.8,0,0
BATCH-02405,58.95,1.234,45.1,162,63.1,7.14,204.2,98.7,3.028,14.6,56.3,127.5,103.5,84.21,1.5,2,1.5,1,0
BATCH-02406,53.63,2.841,29.7,111,33.0,6.34,139.8,97.854,2.394,28.9,56.6,162.8,80.7,81.65,1.0,1,0.9,0,0
BATCH-02407,77.01,2.563,56.5,137,40.7,7.71,159.7,98.029,2.568,19.2,47.7,150.6,96.3,78.19,3.6,1,8.2,1,0
BATCH-02408,62.42,2.389,42.9,73,41.1,6.61,282.2,97.778,0.5,35.3,63.9,144.5,95.7,92.91,4.7,1,5.5,0,0
BATCH-02409,62.99,3.523,56.2,149,58.6,7.72,218.4,99.527,2.513,17.5,51.9,166.4,65.5,80.01,3.2,0,1.7,0,0
BATCH-02410,75.63,2.163,39.7,146,44.7,6.41,170.1,97.988,1.038,38.1,62.1,168.3,98.2,81.93,2.4,0,5.8,0,0
BATCH-02411,69.45,2.298,39.8,122,35.9,5.58,216.7,99.151,1.523,26.7,55.8,136.8,87.6,88.44,0.9,0,4.0,0,0
BATCH-02412,68.65,3.496,37.4,114,50.6,7.04,222.7,97.349,1.432,25.7,66.4,128.7,64.4,87.55,2.9,0,0.5,0,0
BATCH-02413,82.32,2.084,53.8,130,41.0,6.95,239.8,98.293,1.666,32.4,47.7,118.5,86.7,77.85,0.5,0,1.9,0,0
BATCH-02414,59.85,2.225,37.9,177,32.8,6.82,194.9,96.794,2.061,23.1,47.4,150.8,64.7,91.04,10.0,1,1.4,1,0
BATCH-02415,72.42,2.426,51.4,76,36.1,6.41,239.1,99.825,2.111,32.2,48.7,114.4,104.1,89.3,0.5,0,1.0,1,0
BATCH-02416,65.46,2.92,41.2,140,62.3,6.78,118.5,96.749,3.031,24.1,55.9,152.5,92.2,86.42,2.4,2,1.2,1,0
BATCH-02417,67.15,2.604,25.2,97,48.8,6.49,157.7,97.513,2.678,25.5,65.8,180.4,78.9,81.55,0.5,2,11.4,1,0
BATCH-02418,77.23,1.854,39.3,120,46.1,6.62,206.6,97.528,0.979,33.2,66.2,141.2,99.0,81.75,7.5,2,2.7,1,0
BATCH-02419,69.06,2.234,33.2,114,42.5,7.3,213.2,97.469,2.567,20.9,38.8,136.6,56.3,83.39,1.9,0,7.5,0,0
BATCH-02420,69.31,2.196,45.3,109,47.9,6.91,163.5,99.084,2.755,19.9,56.7,199.9,68.8,75.15,0.6,2,1.0,1,1
BATCH-02421,73.58,2.461,33.1,120,47.8,7.17,210.4,97.525,2.237,32.0,35.0,187.7,76.2,84.69,3.8,2,0.8,0,0
BATCH-02422,62.08,2.713,54.3,92,47.9,6.66,175.0,100.091,2.451,29.8,60.6,130.9,113.5,92.14,12.4,2,8.8,1,0
BATCH-02423,58.29,2.709,44.1,146,46.1,6.59,188.9,96.772,2.652,31.3,62.8,153.5,63.9,92.01,12.0,1,2.7,1,0
BATCH-02424,56.64,1.612,43.2,75,53.7,6.11,241.0,98.254,3.112,32.6,54.7,158.2,54.4,81.95,1.4,1,9.0,0,0
BATCH-02425,49.27,3.032,51.6,133,45.2,6.58,236.4,96.836,1.24,30.5,55.6,155.1,58.3,93.51,6.4,0,0.5,1,0
BATCH-02426,81.45,2.626,54.6,112,35.2,4.81,160.1,98.631,2.305,34.9,55.5,195.4,93.6,100.0,0.5,0,9.9,0,1
BATCH-02427,56.17,3.192,44.8,91,38.9,6.45,157.7,97.976,3.707,30.8,49.5,152.2,71.1,82.47,0.7,0,2.1,0,0
BATCH-02428,63.23,2.722,37.3,125,25.2,6.75,183.6,97.767,3.633,13.9,58.0,155.9,77.6,90.53,3.5,2,0.7,0,0
BATCH-02429,62.79,3.051,27.3,81,65.3,7.14,198.9,99.783,3.181,16.0,53.4,167.2,91.4,66.9,1.3,0,4.6,0,1
BATCH-02430,67.46,2.733,38.1,121,53.6,6.64,173.7,97.018,2.929,45.4,61.5,179.7,77.6,74.93,8.0,0,6.4,1,0
BATCH-02431,71.53,3.173,38.8,84,36.7,7.01,241.6,98.88,3.824,30.0,54.2,173.4,83.1,85.73,13.4,2,0.5,0,0
BATCH-02432,71.88,2.761,46.1,132,42.2,5.49,213.9,96.847,4.034,37.6,49.0,163.5,88.0,76.95,0.5,0,15.0,1,1
BATCH-02433,60.34,2.451,41.5,97,38.6,6.77,216.2,98.169,2.397,27.2,44.2,111.0,73.5,100.0,1.3,2,4.8,1,0
BATCH-02434,63.66,3.636,51.9,109,60.4,5.79,149.3,96.207,1.724,29.5,42.0,137.8,77.5,89.78,2.9,1,1.6,0,0
BATCH-02435,67.26,2.945,38.9,127,30.8,6.08,246.7,97.006,2.284,26.4,64.2,170.5,83.6,92.73,4.1,0,0.7,0,0
BATCH-02436,63.01,2.787,44.4,101,46.1,6.69,87.2,97.877,4.977,49.7,51.8,156.3,93.0,84.77,12.4,0,2.0,0,0
BATCH-02437,77.86,1.862,56.8,119,43.9,7.57,233.4,100.722,1.245,32.0,57.4,170.7,68.1,76.97,11.1,1,1.0,1,0
BATCH-02438,68.93,1.856,48.4,82,53.3,7.02,237.4,98.151,2.124,25.7,67.5,197.2,40.0,80.85,5.1,2,2.7,1,0
BATCH-02439,70.88,2.646,44.4,136,44.0,6.81,182.7,100.482,1.37,16.8,51.1,120.6,90.2,87.04,1.5,2,6.1,0,1
BATCH-02440,70.3,2.573,39.0,164,27.4,6.79,250.9,98.33,2.6,45.8,50.6,178.4,93.9,79.9,7.6,0,4.3,0,0
BATCH-02441,74.39,2.193,38.7,190,42.5,6.37,197.5,97.419,1.538,28.7,54.1,141.7,83.0,90.37,1.1,0,2.3,0,0
BATCH-02442,66.45,2.57,36.5,122,35.3,6.47,202.5,100.309,2.413,36.0,55.2,173.4,84.0,90.69,16.8,0,0.5,0,0
BATCH-02443,54.63,3.294,39.6,140,45.8,7.06,213.6,98.656,0.94,36.8,68.2,149.0,71.5,85.04,0.5,1,12.6,1,0
BATCH-02444,68.2,2.848,52.6,75,59.3,5.97,327.5,97.036,2.994,26.3,66.0,203.2,87.5,70.39,4.2,0,1.3,1,0
BATCH-02445,59.79,1.929,42.8,158,27.6,7.16,253.8,98.706,3.478,35.4,59.3,153.3,92.8,98.72,0.5,0,1.3,0,0
BATCH-02446,60.77,2.444,31.5,139,37.0,6.57,228.0,97.561,2.193,25.2,65.1,134.0,80.8,83.3,2.6,1,4.1,1,0
BATCH-02447,69.69,2.098,62.7,108,39.5,7.3,163.5,95.016,2.392,22.1,53.8,160.5,117.4,100.0,5.0,0,5.9,0,0
BATCH-02448,74.91,2.306,48.2,151,41.2,7.38,205.7,99.404,2.369,39.3,57.1,158.1,56.5,90.22,5.8,0,15.0,0,1
BATCH-02449,65.17,2.293,30.9,114,52.4,5.8,167.5,99.642,2.645,28.7,52.9,178.5,82.4,83.32,7.7,1,13.9,1,0
BATCH-02450,67.47,2.261,40.6,109,43.3,6.45,232.9,100.757,2.469,34.1,46.0,161.2,62.4,88.58,4.5,1,9.8,0,0
BATCH-02451,78.62,1.872,46.1,132,49.2,6.29,205.6,98.633,3.114,33.3,63.4,211.9,93.2,68.85,1.4,0,2.3,0,1
BATCH-02452,66.93,2.436,62.0,93,38.7,5.71,155.0,97.627,3.486,35.1,58.7,147.2,56.3,93.21,11.0,1,0.7,0,0
BATCH-02453,85.81,2.22,33.9,146,47.3,6.18,203.2,99.252,1.849,17.5,55.1,147.5,60.0,100.0,8.3,1,3.5,0,0
BATCH-02454,69.52,1.035,54.8,94,52.8,8.26,166.0,99.275,2.253,25.3,55.0,134.9,70.5,68.29,0.9,1,0.5,0,1
BATCH-02455,50.91,3.526,59.0,94,37.7,7.17,206.0,100.457,3.221,27.4,44.5,152.1,84.0,82.7,8.8,2,0.9,1,0
BATCH-02456,71.03,3.044,38.7,97,52.8,7.95,165.6,97.933,1.363,23.3,48.2,155.8,71.1,84.16,18.0,1,0.5,0,0
BATCH-02457,68.05,2.312,42.2,139,45.5,7.3,201.1,97.752,0.923,33.4,57.4,157.0,71.2,92.0,5.1,1,0.8,0,0
BATCH-02458,75.32,2.509,34.6,105,55.5,6.35,230.0,96.927,2.681,39.5,51.3,151.7,77.3,100.0,1.7,1,2.6,0,1
BATCH-02459,70.39,1.914,43.0,86,43.0,6.57,197.9,98.806,2.897,40.8,53.5,134.8,76.4,88.06,4.7,1,2.0,0,0
BATCH-02460,63.89,3.348,44.6,105,48.8,7.15,184.4,95.678,1.922,27.3,54.3,128.0,102.3,100.0,2.1,0,1.8,0,0
BATCH-02461,55.21,3.449,51.6,119,44.6,7.06,208.1,99.164,2.037,32.3,50.2,140.6,90.3,86.36,5.6,0,7.1,1,0
BATCH-02462,63.33,2.578,55.9,90,44.0,6.45,227.9,98.882,1.892,33.6,48.2,178.5,75.1,88.61,3.9,1,4.5,1,0
BATCH-02463,58.2,3.012,37.5,91,47.6,5.89,155.7,98.878,1.806,35.0,43.7,183.9,111.5,87.63,13.3,0,11.0,0,0
BATCH-02464,60.36,2.588,25.3,173,50.4,8.77,210.4,98.207,3.055,23.0,54.0,148.1,87.4,94.76,4.8,0,2.4,1,0
BATCH-02465,69.71,1.832,44.8,98,32.5,6.72,252.7,100.299,1.556,44.6,59.3,126.5,65.5,81.62,1.2,1,1.3,0,0
BATCH-02466,78.36,2.294,47.9,112,59.3,6.6,222.9,99.308,2.288,37.4,43.5,148.0,83.8,91.55,6.5,0,0.5,0,0
BATCH-02467,68.16,2.566,47.5,111,26.4,6.87,202.3,97.089,1.776,37.6,54.8,202.3,88.0,75.15,1.8,1,4.5,1,0
BATCH-02468,55.43,2.273,41.7,109,38.2,6.65,225.6,97.116,1.336,39.6,57.0,175.0,69.7,82.72,1.6,0,7.4,1,0
BATCH-02469,68.56,2.391,46.2,136,44.1,6.87,218.1,96.68,3.196,34.3,48.1,163.8,64.2,79.91,2.5,0,0.8,0,0
BATCH-02470,74.57,2.454,60.2,144,49.1,7.57,230.1,98.827,2.084,21.8,65.0,174.1,81.3,85.7,0.5,0,8.4,0,0
BATCH-02471,60.12,2.46,48.8,112,60.8,6.73,119.0,96.5,2.651,28.9,52.3,188.5,74.6,82.47,17.4,0,3.0,0,0
BATCH-02472,63.93,2.526,41.3,89,26.4,6.1,137.9,99.625,1.294,16.8,54.3,121.2,102.2,94.06,3.8,0,0.6,0,0
BATCH-02473,65.12,1.97,40.0,152,39.9,6.7,240.2,99.984,1.906,33.3,53.9,140.2,91.1,77.97,7.4,0,4.1,0,1
BATCH-02474,58.72,2.141,43.3,118,23.7,6.52,139.8,96.681,3.105,28.6,42.6,136.8,70.4,71.15,1.5,0,2.9,1,0
BATCH-02475,70.19,1.858,61.4,163,45.3,7.65,216.1,97.722,4.57,29.7,62.1,164.7,86.4,74.14,6.9,1,0.5,0,0
BATCH-02476,64.03,2.989,43.2,64,47.7,7.5,185.9,98.025,0.919,39.6,48.3,154.0,99.0,92.95,4.2,0,2.0,0,0
BATCH-02477,68.36,1.447,44.8,125,60.9,6.86,160.2,99.326,2.339,26.3,53.3,168.9,59.1,77.24,2.8,1,6.1,0,0
BATCH-02478,57.9,3.077,40.2,168,46.2,6.03,214.0,100.414,2.83,28.0,59.2,137.3,64.7,88.18,17.6,1,3.2,1,0
BATCH-02479,61.5,3.193,56.0,111,55.4,6.06,208.0,95.472,2.007,30.2,65.2,184.3,79.8,82.64,3.4,0,1.3,0,0
BATCH-02480,70.78,2.349,64.6,114,50.8,6.81,284.4,97.523,3.18,15.3,47.4,148.3,80.5,91.59,5.4,0,10.6,0,0
BATCH-02481,62.02,1.198,49.5,127,40.6,7.0,175.0,97.601,1.807,27.9,51.9,167.4,79.2,83.15,0.5,0,1.1,0,0
BATCH-02482,78.82,2.319,45.8,106,30.9,6.58,257.6,95.899,2.623,10.1,64.7,179.9,75.3,100.0,1.8,2,1.2,1,1
BATCH-02483,61.8,2.468,45.4,112,47.8,6.51,214.1,97.272,2.082,25.3,58.2,177.9,75.1,100.0,11.0,2,1.8,0,0
BATCH-02484,66.8,1.995,21.2,112,30.1,6.44,173.6,98.642,3.476,36.8,59.7,159.0,85.8,82.48,7.1,0,9.0,0,1
BATCH-02485,72.46,2.242,52.5,104,58.0,6.79,232.0,97.582,1.959,33.6,47.6,170.5,97.0,81.38,3.8,1,2.8,0,0
BATCH-02486,53.65,3.265,46.3,151,43.4,5.37,222.6,95.683,2.219,25.2,52.3,193.5,72.8,100.0,11.5,2,4.6,0,1
BATCH-02487,50.91,2.832,49.3,132,57.0,6.14,201.4,102.0,3.257,30.3,53.8,162.8,116.6,76.37,3.3,1,15.0,0,1
BATCH-02488,52.79,2.038,37.9,126,40.2,6.42,210.7,98.399,1.678,21.4,49.0,131.8,109.4,84.56,4.2,0,6.1,0,0
BATCH-02489,75.1,1.701,41.2,140,47.7,7.52,176.1,98.168,2.555,30.0,43.3,164.6,99.9,85.18,2.4,0,0.8,0,1
BATCH-02490,60.59,2.336,40.9,113,47.1,6.31,167.0,96.353,1.042,53.4,51.4,149.1,89.3,84.98,4.8,0,6.2,1,0
BATCH-02491,85.47,2.393,55.2,101,44.5,6.91,230.4,98.391,1.63,44.8,64.5,91.3,110.1,71.09,1.9,1,5.5,0,0
BATCH-02492,60.49,2.748,41.2,105,40.7,6.94,191.0,97.754,2.806,30.4,55.4,161.5,75.6,88.97,2.4,1,1.1,1,0
BATCH-02493,66.48,2.232,65.8,120,48.9,7.58,196.8,95.167,1.707,31.3,64.6,152.9,67.5,77.24,17.0,1,1.6,0,1
BATCH-02494,77.34,2.756,49.3,94,35.7,7.56,211.2,96.395,2.064,22.2,56.3,178.9,72.1,96.49,0.6,0,5.0,1,0
BATCH-02495,81.05,3.468,32.2,107,32.9,6.77,210.6,99.192,2.894,23.6,49.6,131.2,65.0,73.35,0.6,2,1.1,1,1
BATCH-02496,81.49,2.908,43.7,107,57.4,6.51,142.8,100.916,2.037,32.9,63.9,112.4,81.8,85.48,0.5,2,0.9,1,1
BATCH-02497,74.67,2.476,38.5,173,52.3,6.4,251.5,98.551,3.158,25.8,56.5,154.2,84.5,67.27,1.9,0,4.9,1,0
BATCH-02498,73.19,2.408,23.1,51,45.7,6.66,204.8,99.655,2.673,37.2,61.7,159.5,83.0,67.76,2.5,0,8.5,0,1
BATCH-02499,69.74,2.322,61.0,116,61.7,6.54,191.9,97.766,2.849,42.6,47.5,152.3,79.8,78.29,0.5,1,0.5,1,0
BATCH-02500,71.23,3.09,52.0,163,42.3,7.13,217.2,97.87,3.493,32.7,62.3,150.5,82.0,79.41,4.0,0,2.4,0,0
BATCH-02501,60.59,2.186,50.3,123,58.2,7.05,209.5,99.636,2.756,30.8,62.5,123.3,106.0,96.73,4.4,0,3.7,1,0
BATCH-02502,58.45,2.523,46.7,139,46.8,7.16,230.7,100.494,3.731,16.6,57.0,146.5,89.3,84.68,7.0,0,4.5,0,0
BATCH-02503,64.97,2.526,31.2,122,34.8,7.56,221.5,99.952,3.229,36.0,49.4,141.3,93.8,95.34,18.6,2,15.0,0,0
BATCH-02504,63.64,2.249,40.2,103,63.5,7.92,228.7,96.4,2.081,20.9,54.7,176.8,82.9,81.96,4.8,2,4.6,1,0
BATCH-02505,61.37,1.814,53.4,64,54.9,6.87,254.0,97.9,3.535,26.7,59.3,159.5,55.8,89.85,0.6,0,3.9,0,0
BATCH-02506,70.57,2.661,34.5,125,43.8,7.46,235.3,98.416,2.711,37.7,56.6,143.1,52.8,79.2,0.5,2,15.0,1,1
BATCH-02507,72.64,2.469,19.7,101,52.3,6.59,193.6,97.61,2.184,38.2,59.2,193.1,111.2,78.65,7.5,1,0.5,1,0
BATCH-02508,65.71,2.75,42.7,100,41.0,7.51,155.1,98.582,2.723,26.3,62.1,143.3,72.0,70.43,5.3,0,0.5,0,0
BATCH-02509,76.82,2.233,43.6,108,53.3,7.44,266.7,99.231,3.39,26.7,50.5,163.9,70.7,87.69,0.9,2,3.3,0,0
BATCH-02510,55.87,3.11,46.4,164,21.1,7.41,190.5,99.504,2.864,24.4,46.9,145.8,83.7,87.1,1.5,1,1.8,0,0
BATCH-02511,63.45,2.062,52.3,180,34.8,6.86,181.1,100.529,3.958,20.4,54.7,190.8,88.3,91.22,6.9,2,0.5,1,0
BATCH-02512,59.27,3.356,51.4,125,54.8,6.4,130.5,97.506,3.369,24.9,52.7,152.2,90.2,86.72,4.2,0,1.5,1,0
BATCH-02513,50.07,1.626,47.6,108,42.5,5.96,213.5,95.954,2.919,17.1,60.5,152.9,106.6,100.0,4.4,1,4.5,1,0
BATCH-02514,64.34,2.717,57.0,91,47.1,6.78,206.0,98.537,1.679,35.5,47.5,146.5,102.5,86.41,1.2,0,8.5,1,0
BATCH-02515,64.03,2.738,29.8,132,31.5,7.72,139.4,100.826,2.356,33.2,62.1,154.9,67.8,92.93,5.0,0,0.5,0,0
BATCH-02516,77.11,2.102,50.0,165,63.5,6.61,218.1,97.285,2.557,34.5,64.5,180.0,94.5,82.41,7.4,1,3.1,0,0
BATCH-02517,70.05,2.712,51.3,114,56.9,7.27,180.1,99.03,3.057,22.4,55.0,171.1,74.2,77.73,10.8,2,1.4,0,0
BATCH-02518,56.81,3.14,32.6,61,43.0,7.31,307.6,99.044,3.01,20.4,55.4,150.7,77.9,90.74,6.7,1,4.4,0,0
BATCH-02519,79.83,1.392,30.0,137,41.0,6.63,177.2,98.287,2.636,30.4,49.6,192.5,63.6,84.29,4.3,0,3.2,0,0
BATCH-02520,74.77,2.751,37.5,145,55.3,7.59,182.6,98.01,2.596,30.5,51.2,171.8,54.6,91.66,5.6,0,10.5,0,1
BATCH-02521,69.66,1.253,38.4,80,64.8,5.05,165.0,96.615,3.076,28.8,52.1,139.0,79.5,87.82,3.3,2,0.5,1,0
BATCH-02522,63.19,2.017,52.5,124,54.5,6.07,251.1,94.578,1.813,27.7,65.1,115.5,65.7,78.66,1.3,0,2.5,0,0
BATCH-02523,57.32,3.315,38.9,131,66.7,6.25,185.1,96.332,3.856,43.7,54.5,139.6,93.9,93.59,10.7,0,0.9,0,0
BATCH-02524,62.02,2.209,36.4,118,35.8,6.31,171.0,97.415,0.862,33.4,45.7,160.3,75.8,78.03,3.8,2,3.1,0,0
BATCH-02525,73.71,1.913,38.9,100,36.8,7.0,228.3,99.646,3.664,45.8,56.8,164.9,84.6,90.0,4.5,2,7.7,1,0
BATCH-02526,80.08,2.401,56.2,145,33.1,6.97,144.8,97.845,2.464,40.2,60.8,184.0,100.5,95.25,20.0,1,9.7,0,0
BATCH-02527,77.35,3.534,45.1,110,49.4,7.04,225.0,97.221,3.302,43.6,54.8,122.6,57.7,81.92,20.0,0,2.0,0,0
BATCH-02528,61.09,1.584,43.2,83,46.8,7.16,271.3,96.664,2.791,21.4,65.3,139.0,69.1,94.25,4.4,0,6.7,1,0
BATCH-02529,56.04,1.974,43.9,69,43.5,6.23,222.7,98.985,2.777,34.7,60.4,120.6,82.7,88.18,0.5,1,1.3,0,0
BATCH-02530,66.13,3.249,57.9,152,53.1,6.07,225.5,100.038,2.943,26.5,47.7,116.5,84.7,91.82,2.5,2,0.5,0,0
BATCH-02531,50.85,3.429,37.5,135,57.3,7.04,234.8,99.595,3.147,16.7,51.1,134.3,96.6,78.31,13.8,2,7.7,1,0
BATCH-02532,67.59,2.448,58.2,122,29.7,6.42,268.4,98.909,2.237,42.0,56.6,159.2,93.0,86.71,1.7,1,0.5,0,0
BATCH-02533,63.82,1.88,47.1,109,39.0,5.86,248.4,95.787,3.328,27.7,43.3,169.3,81.5,73.74,20.0,2,0.5,0,0
BATCH-02534,61.27,3.548,43.4,107,53.2,7.38,217.6,97.472,1.632,21.6,57.4,126.3,84.6,98.69,0.5,0,1.7,0,0
BATCH-02535,52.24,3.297,70.0,93,40.3,7.64,236.2,100.921,2.496,26.7,42.7,129.8,85.0,68.89,4.2,0,1.9,0,0
BATCH-02536,69.11,2.839,34.4,109,37.0,7.73,164.6,99.683,3.169,23.6,62.2,105.5,58.0,82.16,3.6,0,0.5,0,0
BATCH-02537,60.74,2.094,41.5,67,55.2,6.91,231.1,95.694,3.296,24.5,61.4,155.4,77.7,77.55,1.5,2,6.7,0,1
BATCH-02538,55.64,2.475,32.7,102,32.1,7.18,159.8,97.917,2.869,28.2,58.5,131.7,83.7,90.4,14.8,0,2.1,1,0
BATCH-02539,42.02,2.42,54.5,112,42.0,7.62,185.3,98.545,2.185,43.8,50.3,191.6,86.9,100.0,4.8,0,2.7,0,0
BATCH-02540,64.78,2.665,61.9,135,48.3,6.42,80.0,96.857,3.217,24.7,56.2,160.2,66.1,90.24,1.3,2,1.2,0,0
BATCH-02541,79.18,3.226,61.7,119,39.3,7.47,216.1,94.536,1.965,43.3,51.4,145.7,61.0,100.0,2.4,0,2.9,0,0
BATCH-02542,78.29,2.94,57.2,140,52.8,6.97,174.2,98.148,3.901,36.8,47.8,134.0,76.5,73.98,6.4,0,5.8,1,1
BATCH-02543,61.34,1.961,43.0,154,39.3,7.35,244.4,96.818,2.432,33.2,52.6,112.6,109.5,74.59,1.8,1,9.5,1,0
BATCH-02544,60.18,3.188,41.3,146,59.1,6.91,215.6,96.824,1.268,36.0,59.9,115.8,67.7,77.86,10.6,1,14.1,0,0
BATCH-02545,68.75,2.657,28.3,132,43.7,7.58,245.0,97.468,1.544,30.1,55.3,134.4,97.6,85.97,0.9,0,2.2,0,0
BATCH-02546,57.01,2.844,65.4,120,51.7,6.93,156.7,97.799,2.535,40.3,65.2,132.5,103.8,76.78,1.5,2,15.0,0,0
BATCH-02547,67.41,3.233,49.7,95,52.5,5.91,241.5,97.986,2.612,34.5,60.4,125.0,80.7,78.99,0.8,0,1.4,0,0
BATCH-02548,71.13,1.944,40.1,138,38.7,7.67,284.2,96.674,4.076,16.7,59.6,159.4,69.8,89.96,0.6,2,0.5,0,1
BATCH-02549,74.82,2.482,58.3,162,24.5,6.23,230.6,97.67,1.669,32.4,43.7,162.9,87.7,75.09,1.8,1,5.8,0,0
BATCH-02550,64.2,2.234,35.3,129,48.6,7.55,231.6,95.364,2.532,36.3,53.0,138.5,82.9,75.93,20.0,0,0.8,0,0
BATCH-02551,63.37,1.716,49.1,168,45.7,6.75,206.8,98.467,1.652,27.7,47.5,198.4,67.1,81.81,0.5,2,0.5,0,0
BATCH-02552,57.98,2.673,43.3,82,50.6,7.51,179.0,93.716,2.106,31.0,53.7,106.3,70.1,82.56,1.2,0,10.3,0,1
BATCH-02553,58.38,3.756,51.4,91,42.7,7.48,230.4,97.566,3.847,25.1,50.1,151.5,86.8,93.08,1.6,0,6.3,0,1
BATCH-02554,63.19,1.58,44.4,141,40.7,7.06,139.8,99.379,1.591,19.0,52.4,144.5,94.0,77.79,4.8,2,0.5,0,0
BATCH-02555,67.94,2.484,30.5,127,65.1,7.11,183.3,96.411,2.97,17.6,62.4,136.2,75.2,79.24,6.8,0,6.0,1,0
BATCH-02556,72.31,2.82,45.8,153,30.3,7.05,129.2,99.075,2.814,17.7,58.3,132.6,79.0,89.65,7.0,0,7.4,1,0
BATCH-02557,58.57,2.562,55.5,120,52.3,5.59,171.9,99.734,2.481,35.4,62.0,149.8,90.0,91.41,0.5,0,9.4,1,0
BATCH-02558,76.94,2.443,44.7,98,39.3,6.87,225.7,93.038,2.916,10.1,43.8,144.4,77.4,96.43,5.3,0,3.1,0,0
BATCH-02559,62.83,1.85,52.8,115,41.6,6.13,220.2,97.773,1.572,24.7,55.4,140.2,75.5,88.75,5.0,2,4.9,0,0
BATCH-02560,64.83,2.616,34.5,82,41.8,6.9,202.0,93.686,3.825,23.9,61.8,117.5,68.7,86.04,3.6,2,5.7,1,1
BATCH-02561,59.02,2.122,44.7,92,37.0,6.11,206.8,97.823,4.04,27.7,65.5,109.5,68.4,89.6,2.4,0,4.7,0,0
BATCH-02562,45.61,1.405,38.8,144,50.7,6.09,124.6,97.989,2.538,15.1,44.2,142.8,120.0,82.86,8.0,0,4.2,0,0
BATCH-02563,72.07,3.097,52.5,142,58.9,7.76,185.1,94.276,4.438,33.2,52.5,139.9,77.1,82.8,2.1,1,3.2,0,0
BATCH-02564,70.89,2.979,45.3,129,49.7,7.44,172.7,100.887,2.181,19.8,62.2,145.1,100.5,70.81,1.3,0,2.6,0,0
BATCH-02565,62.75,2.526,51.9,77,46.0,6.8,173.6,98.429,2.82,39.1,53.7,147.3,105.3,92.15,1.9,0,15.0,1,1
BATCH-02566,65.54,2.615,55.9,111,35.1,6.91,224.0,96.726,3.646,25.0,48.6,136.9,77.2,86.69,2.9,0,1.6,1,0
BATCH-02567,69.13,3.037,51.9,89,50.2,6.65,165.6,100.198,2.133,29.2,44.2,144.7,85.5,91.22,1.2,0,0.5,1,0
BATCH-02568,52.5,2.612,47.7,149,66.6,7.14,175.8,95.307,1.395,30.0,48.4,128.7,81.5,62.47,4.7,1,5.8,1,1
BATCH-02569,60.77,2.952,35.0,105,41.2,6.39,116.5,96.156,1.211,32.0,43.2,188.1,55.8,84.62,10.8,2,1.0,0,1
BATCH-02570,71.35,2.351,45.0,93,41.2,7.4,188.2,94.551,4.149,30.3,55.4,130.0,56.7,78.15,4.5,1,3.0,0,0
BATCH-02571,54.97,3.156,39.7,121,39.4,6.65,156.5,100.702,2.077,26.6,61.3,140.7,80.7,97.01,3.0,1,0.5,0,0
BATCH-02572,67.35,2.66,41.6,104,40.1,6.55,203.2,98.499,2.351,32.7,46.2,131.9,73.6,89.91,8.0,0,3.9,0,0
BATCH-02573,54.15,2.597,41.3,157,20.0,6.81,162.0,98.989,1.61,33.7,56.8,131.5,108.4,86.87,6.9,2,11.5,0,0
BATCH-02574,68.73,1.865,35.2,102,49.1,6.45,204.2,98.452,3.259,23.9,60.9,150.6,76.5,81.54,2.3,2,5.1,0,1
BATCH-02575,64.71,2.643,25.4,85,36.5,7.0,194.2,98.861,1.875,33.4,55.0,147.4,109.3,88.18,4.6,2,1.0,0,0
BATCH-02576,52.08,2.084,38.3,66,28.9,6.48,266.9,98.117,2.107,39.5,43.7,138.5,72.9,77.57,6.5,0,14.2,1,0
BATCH-02577,74.32,2.181,46.9,119,52.5,7.08,219.9,98.406,2.74,35.6,57.7,142.9,108.7,84.2,1.4,1,1.5,0,0
BATCH-02578,59.12,2.092,31.5,106,34.2,7.53,126.4,98.161,1.649,37.5,54.6,132.0,87.6,80.37,2.3,1,2.3,0,0
BATCH-02579,58.52,1.967,45.2,84,41.6,6.37,149.4,97.087,2.357,31.4,53.9,160.0,88.4,100.0,0.6,0,2.8,0,0
BATCH-02580,66.6,3.562,64.0,150,59.7,6.72,202.2,97.93,3.622,22.5,51.2,201.4,72.3,96.76,20.0,2,15.0,1,1
BATCH-02581,74.19,3.166,55.2,137,30.9,7.08,162.8,98.41,2.843,23.5,55.6,128.1,88.7,93.5,0.5,0,0.5,1,0
BATCH-02582,56.87,3.46,61.4,119,29.7,6.54,81.3,98.166,2.604,32.6,58.6,159.8,105.4,73.08,0.9,0,4.8,0,1
BATCH-02583,65.49,1.889,48.9,154,47.7,7.08,254.0,95.783,2.672,37.5,71.7,151.1,77.8,91.91,3.3,0,1.8,1,0
BATCH-02584,68.43,2.536,56.7,137,56.5,7.13,228.8,95.983,2.189,52.3,55.8,166.7,74.9,86.5,10.0,0,0.5,0,0
BATCH-02585,70.54,1.853,37.8,99,29.3,7.45,220.8,99.624,4.097,37.9,65.6,167.4,76.3,94.79,2.2,2,10.9,1,0
BATCH-02586,66.41,2.152,38.6,94,49.1,6.44,175.7,97.54,1.85,20.6,57.5,155.1,104.3,87.58,7.3,0,3.6,0,0
BATCH-02587,62.06,2.041,17.6,140,50.8,6.23,217.1,98.877,2.669,23.9,54.3,149.0,92.8,84.95,5.6,0,5.6,0,0
BATCH-02588,58.38,3.12,56.9,130,24.4,6.62,171.8,96.362,2.592,48.2,56.0,139.1,101.7,86.87,5.1,1,1.1,0,0
BATCH-02589,65.69,2.302,60.4,124,53.0,6.22,208.2,95.79,3.307,28.3,46.4,130.9,84.7,70.55,9.3,0,5.7,0,0
BATCH-02590,56.42,3.034,39.5,99,53.8,7.14,163.2,96.735,3.383,30.4,57.1,147.6,80.6,78.86,0.5,1,7.1,1,0
BATCH-02591,41.63,2.802,42.5,135,41.9,6.1,260.7,97.666,2.474,22.3,41.1,117.9,86.4,87.99,13.2,1,2.3,1,0
BATCH-02592,68.49,3.652,37.5,101,57.5,8.2,137.2,97.002,2.733,42.5,49.0,135.2,96.1,94.12,8.8,0,3.4,0,0
BATCH-02593,72.23,1.76,48.8,117,56.4,7.58,249.3,99.941,2.763,34.0,55.8,177.7,76.3,80.6,13.9,2,14.3,0,0
BATCH-02594,46.1,3.13,56.2,156,46.0,6.81,201.6,98.269,0.682,23.8,63.4,152.5,100.5,84.67,7.9,1,7.5,0,1
BATCH-02595,56.92,3.073,27.6,103,40.5,7.32,180.4,100.773,1.229,22.0,65.0,172.3,85.5,72.19,10.5,1,2.4,0,0
BATCH-02596,69.95,2.013,49.1,81,35.3,5.82,206.7,98.607,2.016,32.5,53.3,186.7,43.9,96.67,1.1,2,4.4,1,0
BATCH-02597,81.46,3.004,42.2,94,44.6,8.31,229.3,94.381,2.051,30.4,56.1,145.6,93.3,93.91,1.9,1,6.1,0,1
BATCH-02598,65.17,2.668,46.1,145,50.7,6.45,254.7,99.584,1.541,36.7,61.9,155.2,60.9,90.22,1.9,0,0.5,0,0
BATCH-02599,59.18,2.386,49.6,126,41.8,6.73,212.5,95.736,3.1,34.4,45.7,142.5,92.9,88.25,0.6,0,3.6,1,0
BATCH-02600,63.54,2.088,43.1,117,23.0,5.69,164.4,98.346,2.502,27.9,57.8,129.7,93.5,97.42,6.5,1,15.0,0,0
BATCH-02601,76.0,2.14,44.0,107,57.7,7.09,202.2,96.838,2.328,25.6,49.2,126.2,84.9,78.56,0.7,2,11.8,0,0
BATCH-02602,59.83,3.525,42.9,132,46.9,6.14,272.7,101.214,1.495,28.7,53.8,171.1,88.2,77.69,0.5,0,7.1,0,0
BATCH-02603,58.61,2.5,54.7,99,41.2,6.86,253.9,100.159,2.464,25.6,51.8,155.2,96.5,93.49,7.5,0,0.5,0,0
BATCH-02604,61.14,2.891,49.2,128,53.6,6.47,236.4,96.887,0.5,29.0,58.0,196.2,72.6,92.95,11.8,1,15.0,0,0
BATCH-02605,57.37,2.105,47.2,102,60.2,6.15,231.8,97.809,2.37,30.1,58.9,174.3,91.9,75.45,7.2,1,3.8,0,0
BATCH-02606,65.98,2.11,32.3,98,20.0,6.32,228.0,98.367,2.551,22.8,61.2,131.7,97.4,80.75,8.7,0,1.0,1,0
BATCH-02607,78.0,3.041,41.2,104,49.3,6.94,246.4,99.295,2.694,35.0,57.4,171.0,106.4,98.51,4.5,2,4.5,1,1
BATCH-02608,67.58,1.825,54.0,111,30.7,6.03,181.7,98.044,1.249,27.0,56.2,142.4,63.4,88.29,10.9,2,7.8,1,0
BATCH-02609,62.98,2.292,45.4,119,50.0,6.35,145.8,96.463,2.68,23.3,68.0,180.4,86.1,91.3,3.4,1,0.5,1,0
BATCH-02610,62.67,2.517,51.6,126,46.3,7.2,202.8,96.924,1.667,27.2,44.3,137.8,65.6,75.73,20.0,0,9.9,0,0
BATCH-02611,52.49,2.556,62.7,50,51.4,8.36,167.3,97.993,1.85,31.9,66.9,123.7,64.9,90.25,0.5,1,10.1,0,0
BATCH-02612,72.06,2.41,55.4,100,40.0,7.09,157.8,99.852,3.074,30.7,53.0,130.1,85.4,73.64,8.3,0,0.5,1,0
BATCH-02613,64.38,2.698,45.9,110,26.3,6.25,171.2,98.642,4.111,33.4,59.0,131.4,81.2,69.16,5.1,1,9.2,0,0
BATCH-02614,63.56,2.846,39.9,158,40.5,6.58,299.4,96.84,2.541,37.2,52.7,129.0,97.2,90.81,4.3,0,11.7,0,0
BATCH-02615,90.54,2.867,19.5,93,49.1,6.82,205.4,98.973,1.846,40.4,50.1,135.7,74.8,96.48,6.5,1,0.5,0,1
BATCH-02616,67.39,2.007,43.3,124,55.2,6.59,214.5,97.42,2.651,32.3,58.4,171.4,78.0,82.97,9.2,0,1.4,1,0
BATCH-02617,58.99,2.358,41.7,157,33.3,7.34,151.1,99.336,3.251,21.4,62.3,194.9,83.2,80.63,9.9,2,1.9,0,0
BATCH-02618,61.59,3.097,48.9,87,55.3,6.93,126.2,101.791,2.997,27.8,58.3,116.7,67.1,98.69,1.0,1,1.7,0,1
BATCH-02619,74.19,2.947,43.5,130,38.5,7.34,167.2,97.462,4.694,22.0,51.2,181.6,69.2,83.44,1.1,2,5.7,0,1
BATCH-02620,65.91,1.814,41.8,100,48.6,6.61,257.5,99.202,1.928,43.6,80.0,138.1,96.7,84.47,0.5,0,1.8,1,0
BATCH-02621,53.49,2.676,27.2,107,39.9,7.6,213.4,96.882,2.702,45.9,63.4,158.7,71.8,98.55,0.7,0,12.5,0,1
BATCH-02622,72.35,1.511,35.6,100,46.8,6.7,223.9,97.832,3.739,35.2,61.5,108.6,97.7,82.17,1.5,0,15.0,0,1
BATCH-02623,59.65,2.523,49.8,102,53.9,6.22,229.5,98.044,3.689,36.9,52.5,163.1,89.1,79.77,6.4,0,1.5,1,0
BATCH-02624,79.99,3.449,62.2,188,32.7,8.11,176.3,97.709,0.94,32.0,50.6,99.9,56.8,91.52,3.2,0,2.8,1,0
BATCH-02625,73.64,2.026,44.0,141,38.2,5.71,255.5,101.695,2.497,32.9,53.0,157.8,88.0,79.31,7.1,1,3.3,0,0
BATCH-02626,61.42,2.083,48.3,148,46.8,6.36,174.7,97.54,3.688,17.2,62.6,156.4,87.8,83.84,3.3,1,3.5,0,0
BATCH-02627,75.25,2.882,54.5,132,69.0,6.42,256.2,98.88,4.813,29.4,48.1,154.8,86.3,74.45,4.1,0,1.9,0,0
BATCH-02628,65.54,1.729,36.9,80,36.4,8.3,217.7,95.105,3.063,23.0,47.5,131.6,77.9,86.48,0.6,0,0.7,1,0
BATCH-02629,71.82,2.184,48.7,130,65.4,7.88,128.4,98.648,2.206,32.3,58.8,163.7,65.9,85.54,7.5,1,0.5,0,1
BATCH-02630,68.88,2.798,37.6,147,65.0,7.7,170.1,99.713,1.693,29.5,57.2,159.8,100.2,92.74,7.1,0,0.5,0,0
BATCH-02631,58.23,2.183,53.6,99,44.0,6.6,128.6,97.209,4.275,45.6,49.6,144.8,78.5,91.86,1.8,2,9.3,0,1
BATCH-02632,59.85,2.382,46.5,144,42.0,8.26,246.5,94.235,3.083,37.3,47.4,166.8,66.7,89.41,2.0,0,1.3,1,0
BATCH-02633,73.24,2.872,48.0,138,38.1,7.02,199.0,97.942,1.822,32.3,65.1,147.6,86.9,88.15,1.2,0,0.5,1,0
BATCH-02634,62.32,2.711,37.2,166,44.3,7.39,110.9,98.026,2.337,27.9,57.5,163.2,68.9,84.41,8.4,0,3.9,0,0
BATCH-02635,61.77,2.633,52.1,110,30.9,6.91,215.0,99.086,2.748,43.4,45.5,146.9,65.8,89.88,6.9,0,0.5,0,0
BATCH-02636,57.36,2.33,65.8,93,44.2,6.77,178.5,101.016,2.935,29.8,45.9,155.4,74.4,76.1,4.7,2,0.5,1,1
BATCH-02637,68.39,2.685,34.9,111,60.0,6.65,140.6,97.43,1.78,32.7,52.5,164.4,70.0,66.21,1.4,0,3.9,1,0
BATCH-02638,81.5,2.438,41.6,156,38.9,6.67,267.1,96.716,2.009,30.3,60.1,140.1,66.3,94.3,0.9,1,3.6,1,1
BATCH-02639,56.46,2.729,47.3,74,42.6,7.17,204.3,96.25,1.178,26.8,59.2,119.2,92.1,90.39,0.5,0,0.5,1,0
BATCH-02640,65.19,2.252,52.9,68,28.0,7.02,188.3,98.297,3.332,30.3,62.9,156.9,78.3,83.98,0.5,1,2.5,0,1
BATCH-02641,76.3,2.409,39.4,122,48.7,6.78,184.0,98.719,2.227,14.3,44.6,179.7,98.8,93.6,1.0,2,2.3,0,1
BATCH-02642,64.36,2.005,16.7,109,47.6,7.71,139.5,97.182,2.873,17.6,56.6,157.5,67.2,79.15,0.5,2,3.2,1,0
BATCH-02643,68.62,2.482,58.6,120,45.6,5.02,147.8,99.168,3.638,32.8,65.0,158.0,54.1,79.36,4.1,0,5.4,0,0
BATCH-02644,56.5,2.094,52.6,144,42.8,7.11,251.4,98.698,2.676,42.5,64.3,148.9,82.2,78.25,2.2,2,1.3,0,0
BATCH-02645,68.43,1.943,27.6,106,42.1,7.23,181.0,98.065,2.41,32.8,57.5,168.5,107.8,89.54,2.9,0,2.3,0,0
BATCH-02646,63.5,2.629,38.9,73,50.0,7.49,200.9,96.646,2.655,24.2,71.4,145.4,88.0,72.34,4.5,0,6.3,1,0
BATCH-02647,72.89,2.606,60.7,171,44.7,6.76,118.2,97.277,2.551,18.5,59.3,138.7,128.2,78.86,5.4,1,10.2,0,0
BATCH-02648,74.5,2.891,59.5,95,48.1,6.92,147.3,94.355,3.497,36.3,62.3,177.6,85.0,87.32,5.2,2,8.9,0,0
BATCH-02649,85.72,2.284,54.4,94,47.1,7.39,224.4,98.354,2.749,25.5,55.3,136.7,83.5,75.37,1.5,0,2.6,1,0
BATCH-02650,69.64,2.704,43.2,148,56.2,7.69,215.1,98.04,2.064,35.1,49.5,172.2,47.7,79.72,8.3,1,2.9,1,0
BATCH-02651,67.61,2.775,45.8,110,51.8,6.62,270.1,98.283,3.338,33.1,48.9,177.6,86.4,67.31,12.5,0,3.0,1,1
BATCH-02652,66.56,2.722,43.7,118,46.9,6.96,253.7,98.756,3.484,33.8,56.3,164.2,82.5,89.85,1.9,0,8.1,0,0
BATCH-02653,62.17,2.087,56.3,132,60.2,7.81,190.8,98.579,1.429,30.3,53.5,118.8,73.9,79.5,0.5,2,7.3,0,1
BATCH-02654,67.71,2.575,36.2,147,49.2,5.53,218.9,97.834,3.726,33.1,42.6,150.7,77.9,76.21,11.5,1,1.5,0,0
BATCH-02655,62.64,2.682,36.9,112,58.0,6.39,187.3,98.073,2.792,29.0,47.8,145.0,79.0,74.64,12.9,0,0.7,1,0
BATCH-02656,66.35,2.504,55.1,158,51.1,7.68,282.2,95.894,2.727,24.9,52.8,137.6,77.3,81.65,0.5,1,1.9,0,0
BATCH-02657,75.54,1.457,44.6,67,26.6,7.46,246.0,97.124,3.305,22.3,60.1,153.6,111.3,72.36,0.5,1,1.4,1,0
BATCH-02658,56.95,2.58,58.8,139,58.0,7.11,206.8,98.076,2.046,10.9,54.9,169.2,74.4,100.0,8.5,1,12.0,0,0
BATCH-02659,74.12,3.606,38.3,99,46.4,6.53,208.0,96.896,3.263,28.6,54.5,138.5,82.5,65.92,1.8,0,1.2,0,1
BATCH-02660,75.54,2.32,44.5,154,44.5,6.27,257.8,99.29,2.199,42.2,48.1,145.7,73.9,81.4,12.3,0,0.8,0,1
BATCH-02661,64.06,2.136,35.8,124,47.8,6.45,223.2,97.012,1.32,35.8,55.2,144.0,91.8,85.86,1.2,2,9.2,1,1
BATCH-02662,48.03,2.687,45.1,103,41.6,7.73,262.3,98.324,1.702,31.8,64.2,179.1,82.7,78.8,9.9,1,0.5,1,0
BATCH-02663,60.14,2.656,30.2,137,47.3,6.42,112.3,98.175,2.954,24.1,56.1,143.6,75.8,86.7,0.5,1,1.2,1,0
BATCH-02664,75.38,3.096,40.1,142,39.1,6.86,218.4,99.119,1.744,38.0,44.4,119.1,51.1,78.6,1.5,1,2.3,0,1
BATCH-02665,64.82,1.871,30.6,136,57.7,6.35,179.4,99.351,3.788,29.0,46.2,110.7,83.6,97.24,18.1,0,3.6,1,0
BATCH-02666,57.01,2.866,51.9,94,43.9,7.31,270.3,99.041,3.451,42.6,59.1,159.1,75.4,76.05,1.3,1,1.6,1,0
BATCH-02667,60.96,2.795,52.2,108,41.2,6.48,261.9,94.841,3.567,22.2,53.4,131.0,79.1,66.19,0.7,0,2.7,0,1
BATCH-02668,71.72,2.429,27.7,120,35.8,6.74,201.3,99.791,2.6,24.0,54.5,166.7,62.3,74.61,9.7,0,0.9,1,0
BATCH-02669,69.37,2.669,58.3,119,47.7,5.79,261.4,100.291,2.706,23.2,50.7,116.7,101.5,88.09,0.6,0,3.4,0,0
BATCH-02670,63.09,3.015,70.0,139,46.9,5.83,271.3,97.277,1.545,18.1,58.5,136.5,92.9,84.06,0.5,1,2.1,1,0
BATCH-02671,62.07,2.936,45.5,70,48.9,6.8,203.0,98.355,3.297,22.5,52.9,116.7,101.5,91.02,2.0,0,7.6,1,0
BATCH-02672,61.87,1.928,38.6,128,34.7,6.0,298.9,96.664,2.804,30.8,53.7,160.9,97.2,89.01,5.0,0,2.1,0,0
BATCH-02673,57.62,2.91,73.2,113,29.0,8.06,198.7,95.077,2.954,24.3,49.0,166.2,88.9,79.91,6.2,0,2.3,0,0
BATCH-02674,77.92,2.468,31.8,99,51.3,5.56,191.4,96.892,3.851,10.0,61.5,158.5,62.9,81.09,10.7,0,3.6,0,0
BATCH-02675,62.42,2.536,45.2,101,59.8,6.32,234.6,97.19,2.015,38.6,53.5,122.9,107.7,81.92,3.9,0,0.5,0,0
BATCH-02676,74.74,2.537,46.8,115,34.7,6.81,185.8,97.468,2.399,16.5,59.3,131.4,66.1,100.0,2.5,1,0.7,0,1
BATCH-02677,77.17,2.425,58.5,50,60.9,6.58,203.4,96.562,2.761,34.7,46.6,155.9,76.0,90.53,2.2,0,6.2,1,0
BATCH-02678,72.99,3.096,48.6,102,47.8,6.14,256.4,96.9,1.752,30.2,67.1,107.8,90.6,100.0,9.4,0,1.3,0,0
BATCH-02679,61.55,2.458,40.0,98,44.9,6.23,200.8,97.983,2.35,46.9,63.9,144.0,91.3,91.73,6.4,1,4.6,0,0
BATCH-02680,68.23,1.94,35.5,133,41.0,6.21,132.2,96.845,2.894,38.0,41.6,187.9,88.6,84.49,11.8,1,0.5,1,0
BATCH-02681,64.81,2.303,41.6,100,31.2,6.63,214.7,98.815,2.24,26.0,49.4,145.5,74.0,76.85,16.6,1,6.9,0,0
BATCH-02682,57.77,2.589,34.9,115,54.9,7.97,172.1,99.022,3.547,24.4,58.3,112.8,70.9,86.61,1.8,0,15.0,1,1
BATCH-02683,67.59,3.115,45.5,159,37.2,6.85,234.6,101.571,1.291,42.0,45.8,134.8,118.0,84.51,3.8,2,1.9,0,1
BATCH-02684,55.57,2.802,39.4,145,37.2,7.51,227.8,99.689,3.398,18.2,54.1,134.2,79.4,84.25,5.0,0,2.8,1,0
BATCH-02685,74.5,2.075,30.1,143,54.9,7.1,258.9,98.365,3.029,31.5,58.0,203.5,77.6,83.33,0.9,1,2.3,0,0
BATCH-02686,61.28,3.743,57.6,108,26.2,7.47,236.3,97.07,2.045,29.0,53.7,191.6,69.3,68.58,0.5,0,9.0,1,1
BATCH-02687,66.61,2.632,40.0,134,29.8,5.12,243.6,98.441,1.76,27.3,58.8,168.3,83.7,95.09,10.1,0,0.5,1,0
BATCH-02688,67.27,3.138,32.3,114,44.8,6.62,173.2,98.49,0.836,32.8,50.1,141.4,83.0,84.6,3.8,1,4.2,1,0
BATCH-02689,62.93,2.424,43.3,115,47.9,7.58,232.2,97.23,1.864,31.5,39.3,180.0,79.8,73.69,4.2,0,4.2,0,0
BATCH-02690,69.69,2.767,45.7,130,49.8,6.46,278.7,99.176,3.338,33.7,61.9,121.7,85.7,88.85,4.0,0,1.9,0,0
BATCH-02691,61.2,2.92,27.5,105,42.0,7.86,172.5,95.903,2.455,31.1,61.8,176.9,106.5,78.15,7.0,1,1.0,1,0
BATCH-02692,71.97,3.109,48.3,157,70.3,7.69,272.0,97.633,3.43,33.3,72.5,173.2,71.1,89.5,0.8,1,1.1,0,0
BATCH-02693,54.23,3.029,34.5,116,42.7,6.52,178.0,98.834,2.004,30.7,39.5,146.2,80.6,92.05,4.8,1,6.4,0,0
BATCH-02694,66.01,2.936,62.1,135,42.7,6.5,165.9,97.569,3.066,24.7,60.3,178.5,70.3,93.16,3.2,1,0.5,0,0
BATCH-02695,80.51,2.342,50.2,156,37.0,6.19,211.8,97.69,1.926,30.0,41.2,138.8,84.4,83.71,11.4,1,3.3,0,0
BATCH-02696,57.0,2.214,41.0,146,46.2,6.42,228.6,97.793,1.728,24.3,67.3,118.4,71.5,81.69,3.7,0,1.5,0,0
BATCH-02697,59.58,2.666,37.5,85,51.1,6.06,236.5,96.747,2.414,23.8,58.4,174.4,72.1,80.0,14.3,2,1.2,0,0
BATCH-02698,69.11,2.967,44.0,131,57.0,7.06,161.5,99.761,1.968,27.3,48.3,147.9,58.1,79.22,2.2,1,2.8,0,0
BATCH-02699,66.44,2.389,51.1,141,30.1,5.93,217.4,96.473,1.266,29.0,60.5,165.0,81.5,84.86,17.0,1,9.1,0,0
BATCH-02700,67.81,3.033,44.7,142,42.5,7.16,172.6,98.477,2.354,30.3,51.1,195.5,86.4,83.33,10.4,0,3.9,0,0
BATCH-02701,68.91,3.226,42.8,92,49.5,7.18,140.4,98.62,2.585,37.3,57.1,131.9,107.9,78.4,4.4,2,6.2,1,0
BATCH-02702,70.08,2.042,45.6,104,50.9,5.8,162.9,96.577,3.515,26.0,56.4,146.4,87.0,75.85,2.2,0,3.7,1,0
BATCH-02703,73.88,2.082,39.0,145,45.1,7.73,170.0,98.11,3.249,31.6,67.2,189.2,73.3,84.13,2.4,1,4.8,0,0
BATCH-02704,68.28,2.43,41.6,101,50.4,7.11,220.9,96.636,3.476,30.9,67.7,166.7,59.6,81.53,7.4,0,2.3,1,0
BATCH-02705,63.07,2.654,24.1,113,36.9,7.25,246.1,100.087,3.076,25.1,50.8,132.5,61.7,75.87,4.3,1,10.4,1,1
BATCH-02706,70.38,2.238,54.7,159,60.6,6.34,141.1,96.292,2.766,30.6,62.4,126.1,60.6,91.64,2.6,0,2.8,1,0
BATCH-02707,80.2,3.176,48.0,119,54.9,7.17,214.1,97.019,1.517,38.0,57.5,136.8,108.2,99.18,5.1,1,3.2,1,1
BATCH-02708,63.94,2.712,37.3,102,31.6,7.48,152.9,96.164,2.62,31.5,45.1,131.5,84.3,92.7,6.6,0,3.0,0,0
BATCH-02709,57.2,2.52,64.0,98,34.2,6.74,225.2,95.963,2.977,31.8,50.1,155.9,71.3,79.24,0.5,0,1.5,1,0
BATCH-02710,73.86,1.782,45.9,128,34.5,8.0,175.1,100.387,3.666,24.4,71.4,152.0,65.6,84.6,0.5,2,1.1,1,0
BATCH-02711,64.04,1.842,34.6,87,51.8,6.83,157.9,98.814,3.049,45.8,57.5,157.0,67.2,97.32,0.5,0,0.5,0,0
BATCH-02712,47.62,2.641,53.6,114,32.2,7.48,232.0,98.21,3.492,24.8,62.0,129.0,70.9,75.61,1.3,0,5.1,1,1
BATCH-02713,71.78,1.434,49.0,128,41.7,6.98,176.5,97.015,1.674,16.7,53.5,148.2,99.7,91.26,2.8,0,1.4,0,0
BATCH-02714,60.72,3.006,48.9,152,49.5,7.15,187.4,99.361,2.239,36.9,51.2,98.6,79.6,73.42,8.1,2,2.0,0,0
BATCH-02715,64.28,2.421,40.7,137,44.3,5.8,111.2,96.764,2.843,29.1,55.2,153.6,58.3,98.47,2.2,0,10.1,0,0
BATCH-02716,67.66,4.122,49.5,102,47.6,7.02,237.9,99.19,3.429,27.6,53.1,179.4,114.7,81.56,0.5,0,3.3,1,0
BATCH-02717,66.52,3.654,42.4,149,34.3,6.36,232.8,96.691,2.384,25.6,44.5,114.4,62.9,100.0,3.3,1,0.5,1,0
BATCH-02718,70.68,2.409,50.6,113,50.9,6.29,200.2,97.033,2.434,45.0,48.0,162.1,71.1,98.82,20.0,0,6.4,0,0
BATCH-02719,61.52,2.447,26.0,89,38.9,7.85,138.9,99.137,3.05,32.8,60.0,134.7,99.7,84.15,2.1,0,1.2,0,0
BATCH-02720,69.1,2.998,40.7,116,41.8,6.67,248.4,99.296,1.599,34.4,52.3,170.1,86.2,79.24,16.3,2,3.2,0,0
BATCH-02721,62.92,3.352,62.2,156,47.4,6.2,173.3,98.896,3.786,31.3,55.2,154.0,73.0,86.56,0.5,0,2.9,0,0
BATCH-02722,70.91,1.681,37.3,124,46.0,6.58,181.9,96.425,1.797,32.2,56.6,160.1,61.5,83.56,1.0,1,1.1,1,0
BATCH-02723,69.92,1.607,39.0,120,45.2,6.02,292.5,97.33,0.965,41.2,57.2,151.6,65.5,81.79,6.4,1,0.5,1,0
BATCH-02724,57.52,2.189,40.5,161,37.5,7.66,171.9,98.235,2.508,28.0,63.0,183.2,66.4,71.74,3.5,2,0.9,1,0
BATCH-02725,73.69,2.791,32.9,84,42.0,6.38,229.7,96.726,3.859,18.3,47.3,158.7,80.1,80.88,7.2,2,0.5,1,0
BATCH-02726,60.71,2.748,22.9,88,45.0,7.12,222.5,100.056,2.969,36.9,59.0,132.4,82.9,76.12,10.0,0,1.3,1,0
BATCH-02727,71.46,3.035,42.7,80,31.2,7.61,215.6,94.397,3.101,34.0,60.3,152.5,77.8,89.41,1.4,1,15.0,0,1
BATCH-02728,67.94,1.9,46.4,129,40.4,6.5,211.3,96.832,2.533,30.9,61.9,140.8,79.4,92.93,5.7,1,2.1,0,0
BATCH-02729,79.71,1.342,44.5,124,48.9,7.12,215.1,97.236,2.378,33.8,45.1,154.1,64.2,90.93,4.7,0,8.0,0,0
BATCH-02730,63.21,2.929,43.6,159,32.2,6.18,210.9,93.734,1.264,27.0,56.8,139.5,84.4,87.74,9.9,0,3.2,0,0
BATCH-02731,62.21,2.086,45.4,126,56.6,8.27,197.9,95.906,0.692,30.2,67.0,133.1,99.2,78.18,2.8,2,4.4,1,0
BATCH-02732,64.84,1.491,55.2,110,57.7,7.36,260.5,98.938,2.657,28.9,54.3,155.0,77.6,86.64,0.5,0,0.7,0,0
BATCH-02733,62.57,2.573,43.1,120,32.5,6.68,147.5,98.045,3.55,25.3,58.4,151.4,77.3,91.34,4.3,0,1.3,1,0
BATCH-02734,71.4,2.897,39.3,123,58.6,6.34,240.9,100.36,2.775,39.5,60.5,176.6,81.2,80.31,16.0,2,2.9,0,0
BATCH-02735,52.07,2.439,42.2,78,43.6,6.73,232.9,100.318,2.999,18.7,47.8,139.6,96.8,85.95,0.5,1,8.5,1,0
BATCH-02736,56.57,2.271,50.8,188,49.2,6.6,227.9,98.65,3.767,48.9,67.8,100.5,66.6,83.84,1.4,0,0.5,0,0
BATCH-02737,56.46,2.42,59.1,133,40.0,7.97,244.7,98.47,2.763,37.0,58.5,140.9,101.8,98.3,1.9,0,2.8,0,0
BATCH-02738,72.6,2.315,38.7,125,54.2,6.06,196.3,98.099,2.402,15.8,58.6,109.3,86.3,91.81,7.3,0,0.5,1,0
BATCH-02739,78.68,1.826,46.0,135,49.1,6.88,125.2,94.017,1.845,28.2,43.4,160.4,80.4,89.87,2.0,2,2.4,1,0
BATCH-02740,64.16,2.143,48.4,138,36.9,6.79,197.1,95.908,4.118,28.7,60.6,108.2,98.2,71.27,1.4,2,4.0,1,0
BATCH-02741,63.65,2.761,35.1,116,33.3,6.73,160.4,98.151,2.921,33.1,58.5,125.3,62.3,86.38,5.2,0,5.5,1,0
BATCH-02742,65.56,2.661,45.2,104,30.4,6.73,170.7,98.924,1.745,22.1,66.4,140.9,87.8,83.76,0.5,2,0.6,0,0
BATCH-02743,74.3,2.584,30.3,135,46.9,6.73,150.3,98.435,1.563,30.3,52.8,188.6,86.5,83.69,0.9,0,0.7,0,0
BATCH-02744,57.58,2.002,27.3,130,50.7,7.32,180.9,96.661,3.502,29.0,48.1,123.2,66.0,72.49,2.6,1,2.5,1,0
BATCH-02745,66.91,2.409,48.7,100,51.5,7.17,176.1,99.406,1.67,24.1,50.2,150.3,86.9,76.3,2.2,0,15.0,0,0
BATCH-02746,72.8,1.411,41.2,155,43.8,7.05,104.9,100.224,3.983,23.0,51.5,164.5,84.2,84.46,2.1,1,1.8,1,0
BATCH-02747,69.01,2.589,47.0,127,33.4,4.98,228.0,99.407,0.5,37.4,47.2,187.1,77.3,93.91,0.6,0,2.2,0,0
BATCH-02748,66.52,3.214,44.8,138,38.2,6.98,288.8,99.484,3.638,16.4,64.0,169.4,92.9,80.28,2.2,0,2.3,0,0
BATCH-02749,73.01,1.763,35.2,155,56.5,5.81,224.2,97.161,2.89,33.8,64.3,177.3,71.4,81.8,8.0,0,0.5,0,0
BATCH-02750,43.37,2.207,44.5,121,40.2,7.19,191.9,99.614,2.595,36.4,53.6,171.6,84.1,99.25,2.7,0,6.0,1,0
BATCH-02751,70.42,2.665,32.7,128,46.4,7.68,197.8,98.219,2.36,28.3,52.3,119.8,78.0,82.63,4.4,2,1.2,1,0
BATCH-02752,59.77,3.126,58.9,140,34.2,6.24,183.2,98.767,4.013,30.4,42.3,159.0,70.8,83.97,0.9,2,4.9,1,0
BATCH-02753,50.35,2.276,31.4,102,48.4,6.64,203.6,98.548,3.066,39.3,59.9,171.2,87.5,84.08,0.5,2,2.6,0,1
BATCH-02754,69.09,2.154,43.0,121,40.4,6.44,198.5,97.818,1.777,24.4,66.6,126.1,76.9,74.24,10.6,0,3.8,0,0
BATCH-02755,75.99,1.516,34.6,123,55.5,7.54,166.4,96.71,1.125,25.2,50.5,135.5,57.9,89.57,2.0,0,0.5,1,0
BATCH-02756,63.9,2.552,50.7,96,52.7,6.86,267.3,97.877,2.642,26.0,54.2,129.9,53.0,79.78,2.2,0,8.8,0,0
BATCH-02757,72.62,3.521,41.7,178,40.0,7.84,140.5,99.48,2.499,39.3,58.0,169.3,91.8,84.76,10.5,0,1.1,0,0
BATCH-02758,77.9,2.639,39.8,85,43.7,7.05,228.7,97.338,1.284,40.3,67.1,148.3,61.7,88.55,6.2,0,4.4,0,0
BATCH-02759,75.52,2.489,53.5,88,39.5,6.95,196.0,99.34,2.456,18.8,56.4,142.0,84.2,100.0,7.1,1,6.4,0,0
BATCH-02760,78.12,2.661,45.3,153,30.8,6.84,276.0,99.106,2.041,38.0,56.4,118.0,80.8,74.46,5.7,0,3.1,0,0
BATCH-02761,70.94,2.494,50.2,138,36.4,7.29,213.6,97.552,2.507,36.6,56.3,148.3,74.5,91.92,0.6,2,1.6,1,0
BATCH-02762,65.6,2.093,35.2,94,47.0,5.76,185.6,100.083,3.081,42.4,45.0,135.8,109.4,91.95,15.8,1,15.0,1,0
BATCH-02763,52.18,2.912,31.0,135,48.3,6.85,190.1,97.467,3.694,33.1,44.9,156.1,82.7,79.89,12.0,0,1.3,0,0
BATCH-02764,63.03,2.613,46.1,157,46.5,6.76,201.6,100.264,3.227,29.6,49.3,121.4,91.3,89.8,1.3,1,11.9,0,0
BATCH-02765,58.25,2.509,41.8,119,42.0,7.24,154.3,98.651,1.923,39.2,62.1,154.4,84.3,98.15,8.1,0,0.7,1,0
BATCH-02766,82.37,2.012,51.3,185,54.3,6.69,169.3,97.976,2.795,35.6,52.7,139.0,76.5,78.88,2.6,0,2.0,0,0
BATCH-02767,63.59,3.152,44.2,77,45.6,6.18,128.6,96.668,2.55,48.0,51.3,118.8,79.7,86.93,5.8,0,0.6,1,0
BATCH-02768,65.99,2.832,47.1,137,52.0,6.8,163.1,97.868,1.434,37.7,51.2,116.8,101.9,88.24,0.9,1,0.5,0,0
BATCH-02769,69.41,2.224,28.8,149,27.3,6.15,203.8,97.694,2.819,31.2,54.0,120.6,96.3,89.27,3.9,0,1.2,0,0
BATCH-02770,65.35,3.001,63.9,142,20.0,5.64,212.0,96.113,3.985,20.6,66.9,144.8,109.3,91.15,0.7,1,0.5,1,0
BATCH-02771,78.56,2.251,43.4,115,47.8,7.24,120.8,97.674,2.526,25.4,53.9,153.0,83.3,86.33,3.8,0,15.0,1,0
BATCH-02772,60.02,2.109,52.0,113,30.8,7.15,194.5,96.794,1.225,18.5,49.5,156.7,66.8,89.11,1.4,0,5.7,0,0
BATCH-02773,66.56,2.12,36.6,131,42.9,7.08,222.5,98.879,2.524,28.3,55.2,157.7,73.4,77.71,3.0,0,0.5,0,0
BATCH-02774,59.06,1.614,48.1,140,42.0,7.58,193.5,99.959,1.529,37.4,67.3,131.0,62.2,86.31,5.5,1,1.0,0,0
BATCH-02775,54.44,2.736,32.0,135,60.9,6.4,174.6,96.16,3.191,30.0,51.5,176.5,91.5,81.19,10.5,1,4.4,0,0
BATCH-02776,60.11,1.584,49.5,146,49.0,5.94,183.5,100.568,2.92,38.2,46.7,138.9,71.2,75.16,0.9,1,2.0,0,0
BATCH-02777,64.7,1.886,41.4,95,46.7,6.76,178.4,97.807,2.363,32.7,51.5,161.3,40.0,80.93,11.2,0,7.1,1,0
BATCH-02778,61.57,1.462,45.3,114,53.4,6.59,174.5,96.537,2.235,26.8,55.9,145.9,117.0,87.16,2.5,0,2.8,0,0
BATCH-02779,59.46,2.457,52.0,96,48.7,6.29,207.0,99.137,2.33,30.7,59.8,159.4,71.4,88.49,9.3,1,4.2,0,0
BATCH-02780,53.75,2.425,32.7,110,40.4,6.75,292.3,97.33,2.507,33.8,62.0,144.6,71.4,74.85,3.6,0,3.6,1,0
BATCH-02781,64.34,2.337,38.2,145,55.7,6.43,170.3,97.877,1.882,31.1,47.7,159.8,105.1,77.5,9.9,0,4.1,0,0
BATCH-02782,52.96,1.979,49.6,123,33.9,5.7,187.3,97.394,1.39,31.2,48.3,149.8,61.9,90.8,5.4,0,1.0,1,0
BATCH-02783,71.08,1.914,66.0,185,48.2,6.54,197.9,96.775,3.411,23.8,52.7,170.3,97.0,89.07,3.6,1,1.9,1,1
BATCH-02784,65.66,2.732,43.6,125,29.5,6.12,172.5,99.086,2.192,26.5,59.8,129.5,71.2,92.1,1.9,1,0.5,0,0
BATCH-02785,53.34,2.225,50.9,121,47.0,6.94,243.9,97.571,2.634,48.1,46.2,105.8,60.1,95.94,17.4,0,3.5,1,0
BATCH-02786,62.53,2.658,43.9,123,46.9,6.41,105.2,95.845,2.728,39.8,50.7,125.7,105.6,89.3,8.1,1,2.5,0,1
BATCH-02787,58.98,2.057,64.4,104,61.8,7.47,178.8,98.827,2.758,18.2,50.9,176.7,93.8,81.68,2.4,1,5.7,1,0
BATCH-02788,67.55,2.591,27.5,119,29.4,7.76,232.7,96.192,1.561,11.1,61.6,146.1,93.8,85.92,0.9,0,0.9,1,0
BATCH-02789,75.72,3.152,45.9,148,39.0,7.21,188.2,96.27,1.159,30.6,58.7,152.3,85.5,98.28,7.6,0,2.3,1,0
BATCH-02790,50.0,2.793,28.7,123,53.2,5.87,167.2,99.789,2.029,37.1,61.3,123.7,89.0,100.0,20.0,1,0.8,0,1
BATCH-02791,65.92,2.294,19.9,100,48.4,7.7,217.6,96.205,2.817,25.8,64.4,151.6,61.5,88.7,1.6,1,3.8,0,0
BATCH-02792,63.72,2.629,48.0,97,46.8,7.75,236.3,94.525,1.918,38.2,52.9,124.4,81.7,89.28,12.4,0,7.5,0,0
BATCH-02793,70.37,2.38,46.4,109,35.4,6.81,208.4,98.934,2.216,30.5,46.7,128.1,66.1,90.81,0.7,1,5.8,1,0
BATCH-02794,66.71,2.504,42.2,122,39.1,7.59,168.0,97.544,4.202,28.7,46.7,139.9,59.2,85.19,15.2,0,11.5,1,0
BATCH-02795,58.98,2.337,43.9,150,57.5,6.47,218.2,97.674,1.024,36.0,42.1,161.1,86.2,94.31,6.8,1,14.3,0,0
BATCH-02796,62.45,2.418,76.0,86,44.5,5.68,183.9,97.528,1.896,25.7,51.8,163.8,97.4,93.06,2.1,0,5.9,0,0
BATCH-02797,58.63,2.606,42.4,112,48.8,6.34,229.8,98.348,4.017,27.7,52.3,164.5,74.2,87.84,1.8,0,1.4,1,0
BATCH-02798,73.61,2.003,50.1,124,43.8,7.84,259.3,96.871,2.464,35.4,60.5,110.3,76.8,82.46,5.2,1,1.0,0,0
BATCH-02799,65.17,1.992,38.5,74,33.2,5.91,95.8,100.214,1.935,29.7,55.1,149.8,62.9,72.83,4.5,0,2.4,0,0
BATCH-02800,80.21,1.806,48.0,99,54.3,6.8,204.4,95.786,3.435,45.3,51.6,145.1,80.1,90.86,12.6,0,15.0,0,1
BATCH-02801,64.51,1.7,42.6,103,50.0,6.82,130.6,98.667,2.544,35.6,54.2,111.7,91.4,86.7,7.3,1,2.1,0,0
BATCH-02802,59.33,1.891,40.9,100,68.1,6.49,297.7,98.963,2.221,35.0,47.7,150.4,91.9,79.1,3.9,1,0.9,1,1
BATCH-02803,52.89,2.58,63.2,125,34.8,6.53,181.3,96.861,2.654,29.6,62.2,143.7,88.2,75.96,13.1,1,11.6,1,0
BATCH-02804,50.57,2.054,56.8,116,53.2,6.84,229.9,96.464,1.974,37.0,49.5,162.8,70.7,90.29,4.5,0,2.0,0,0
BATCH-02805,52.33,2.757,46.4,106,31.9,6.46,198.6,99.526,1.686,27.4,47.0,152.0,70.2,72.19,9.5,1,4.7,1,0
BATCH-02806,67.14,2.517,22.0,131,46.6,5.95,167.9,96.514,2.409,32.3,60.7,136.3,91.9,87.4,9.2,0,6.2,0,1
BATCH-02807,69.07,1.516,41.4,163,54.8,6.93,163.1,97.09,1.691,22.7,59.0,173.1,92.2,91.75,12.6,0,7.4,1,0
BATCH-02808,52.35,2.827,72.0,161,24.3,7.44,263.4,99.331,2.509,38.3,42.9,94.5,77.4,89.4,0.5,0,6.9,0,0
BATCH-02809,72.16,2.905,42.7,72,43.0,7.32,238.2,98.052,2.784,32.3,61.0,148.4,73.6,81.87,4.4,0,7.2,1,0
BATCH-02810,61.14,2.003,56.0,134,39.4,6.31,277.7,95.304,3.182,45.9,49.8,105.9,97.5,75.01,3.2,0,4.4,0,0
BATCH-02811,66.17,2.71,59.4,116,38.0,6.05,202.2,100.621,3.402,49.1,52.4,127.2,74.6,89.7,3.4,0,2.1,0,0
BATCH-02812,77.9,2.072,47.2,124,48.9,6.63,211.5,97.205,2.175,36.1,56.3,163.1,91.2,94.6,3.1,2,4.4,1,0
BATCH-02813,72.17,2.549,36.6,110,56.2,7.74,189.3,97.396,2.9,30.5,59.1,118.1,77.9,80.42,9.1,2,7.2,0,0
BATCH-02814,62.85,1.868,20.6,123,43.7,7.19,188.5,98.384,2.894,22.4,58.1,114.4,64.3,89.06,1.9,2,1.7,1,0
BATCH-02815,57.87,1.603,51.8,124,47.1,7.22,158.3,98.938,2.762,37.2,54.7,209.5,104.2,97.65,3.1,1,1.4,0,0
BATCH-02816,47.79,2.309,36.9,106,46.1,7.33,203.4,100.942,2.116,31.7,52.0,116.0,81.8,87.71,1.1,2,1.7,0,0
BATCH-02817,59.25,2.438,46.8,98,45.0,7.05,168.4,95.51,1.678,34.3,57.9,191.3,69.3,81.82,1.4,0,3.2,1,0
BATCH-02818,63.31,2.301,32.5,109,34.1,6.87,217.7,99.239,2.902,43.8,54.2,145.7,59.1,93.33,5.4,1,0.5,0,0
BATCH-02819,57.1,1.908,42.3,126,56.1,7.2,206.8,99.115,1.135,23.4,67.6,136.9,60.6,79.1,0.6,0,6.0,0,0
BATCH-02820,63.95,2.3,45.3,135,48.0,6.47,211.5,97.794,2.286,22.6,59.1,164.2,74.4,74.61,1.0,0,0.6,0,0
BATCH-02821,65.61,2.635,47.7,141,48.9,5.95,267.0,99.181,0.5,28.1,48.5,183.4,108.9,91.5,3.8,0,0.6,0,0
BATCH-02822,63.2,2.478,33.9,108,36.9,7.23,198.5,99.401,1.431,36.6,51.7,121.3,71.2,81.75,0.5,1,0.9,0,0
BATCH-02823,59.8,2.591,57.0,127,40.4,7.54,230.3,95.927,1.798,34.4,55.3,137.2,101.7,82.47,0.7,0,3.4,0,0
BATCH-02824,66.35,2.165,39.0,144,43.2,6.13,282.1,100.625,3.377,22.8,64.1,171.2,78.0,79.98,10.0,1,1.3,1,0
BATCH-02825,68.54,3.086,28.3,149,29.7,7.29,252.3,95.662,3.05,36.1,64.9,157.2,62.3,81.22,9.4,2,1.8,1,0
BATCH-02826,56.28,1.912,43.9,119,28.1,7.81,246.1,96.297,2.057,20.4,52.2,177.5,72.9,96.22,2.1,0,10.7,1,0
BATCH-02827,76.29,2.744,45.3,114,39.0,6.8,187.7,97.607,3.083,23.3,48.5,162.9,60.8,98.3,2.1,0,7.5,1,0
BATCH-02828,64.21,3.091,46.6,125,50.2,6.31,209.2,100.887,3.21,29.1,47.6,195.2,67.2,99.36,13.8,1,7.6,0,0
BATCH-02829,65.15,2.74,58.6,91,38.5,6.87,147.3,97.538,2.371,25.6,56.8,154.5,66.7,93.72,0.5,0,3.4,0,0
BATCH-02830,70.67,2.399,42.6,115,34.8,6.47,220.0,97.952,1.392,37.1,71.1,155.5,51.4,88.73,4.3,2,8.1,0,0
BATCH-02831,66.87,2.236,43.8,139,36.9,6.43,211.0,100.148,2.334,32.3,58.8,158.0,102.7,73.54,4.5,2,6.0,0,1
BATCH-02832,72.63,3.018,34.0,136,40.4,7.06,200.9,97.55,2.422,44.1,43.8,146.4,83.2,83.5,7.8,0,12.3,0,1
BATCH-02833,67.3,1.789,53.2,113,41.5,5.84,241.1,96.232,1.514,28.0,49.9,171.2,69.7,100.0,15.2,0,0.5,1,0
BATCH-02834,60.1,2.015,46.8,125,66.7,5.93,151.7,97.374,2.794,29.0,50.6,155.9,83.3,81.52,2.2,2,0.5,1,0
BATCH-02835,67.89,2.301,40.8,99,55.5,6.81,265.4,100.056,2.724,39.7,49.2,169.7,67.5,97.11,2.9,2,0.8,1,0
BATCH-02836,55.85,3.119,26.0,138,55.2,6.79,236.1,98.106,2.856,29.3,52.3,173.6,40.0,85.44,5.6,0,10.6,0,0
BATCH-02837,65.87,2.69,59.4,118,56.7,7.01,197.2,100.896,2.723,42.0,57.6,160.7,124.4,63.57,17.1,0,3.7,0,0
BATCH-02838,64.73,2.016,32.7,113,35.0,7.93,194.1,99.107,3.084,34.3,59.8,162.5,82.8,90.12,11.1,1,2.2,1,0
BATCH-02839,63.34,2.345,39.1,111,32.8,6.86,219.2,97.033,2.357,11.2,62.6,124.7,71.2,95.13,5.5,0,2.9,1,0
BATCH-02840,63.97,2.193,48.6,118,33.9,7.16,260.8,98.077,2.661,39.4,58.7,136.2,51.0,84.61,9.7,2,7.1,1,1
BATCH-02841,49.95,2.145,33.0,109,58.3,6.21,204.1,96.72,2.182,37.3,41.3,171.1,57.6,94.86,0.5,1,10.6,0,0
BATCH-02842,60.61,2.989,30.1,136,39.5,7.26,205.8,96.997,2.032,37.6,47.6,185.6,104.8,71.66,2.4,1,5.2,1,0
BATCH-02843,65.74,1.814,23.8,110,32.5,6.48,200.7,102.0,3.571,14.7,53.9,101.5,102.5,73.92,0.5,0,5.7,1,0
BATCH-02844,66.28,3.304,52.2,160,40.7,6.84,271.3,99.528,0.865,24.7,56.0,135.8,91.3,86.64,1.0,1,1.5,0,0
BATCH-02845,56.78,2.914,39.5,157,42.6,6.73,185.2,99.292,3.201,25.3,61.0,150.6,63.3,88.82,5.0,0,2.5,0,0
BATCH-02846,75.13,3.045,74.3,98,47.7,7.42,198.8,97.065,2.004,23.3,55.3,128.0,102.6,95.85,10.8,0,8.7,1,0
BATCH-02847,58.07,2.269,35.1,122,47.5,6.01,258.5,100.354,1.9,43.9,55.4,129.4,86.7,90.11,5.0,1,6.2,0,0
BATCH-02848,72.76,2.425,35.8,104,36.7,5.43,205.9,99.649,2.709,29.9,56.7,161.9,89.8,75.45,5.5,0,4.6,1,0
BATCH-02849,68.42,1.783,39.3,112,51.9,6.67,245.5,100.822,1.308,29.7,53.2,189.5,86.7,86.7,0.5,1,0.5,0,1
BATCH-02850,59.83,2.238,47.4,170,38.6,7.08,163.5,100.75,1.847,34.4,55.6,99.2,57.4,89.81,5.5,2,0.5,0,0
BATCH-02851,79.2,2.747,40.3,112,43.4,6.89,191.8,95.781,1.821,34.6,62.9,145.7,62.0,70.01,3.0,0,0.6,0,0
BATCH-02852,55.45,3.148,51.1,129,51.9,7.54,259.4,96.335,2.323,10.0,54.4,161.6,72.3,84.65,5.3,0,3.5,0,0
BATCH-02853,72.35,1.946,35.2,134,38.6,7.06,172.9,96.494,1.857,24.8,54.8,169.5,89.7,82.32,2.0,0,3.1,0,1
BATCH-02854,73.0,2.317,31.2,95,39.3,6.46,193.9,96.584,3.781,18.7,54.8,158.0,59.3,79.76,4.4,0,11.4,1,0
BATCH-02855,59.64,2.424,27.0,99,50.9,5.4,210.3,98.485,3.938,33.2,64.1,194.0,77.4,88.99,2.8,1,4.7,1,0
BATCH-02856,76.14,1.802,22.8,90,36.4,6.66,160.4,97.15,0.882,27.7,47.2,150.7,77.4,75.8,4.1,1,1.4,1,0
BATCH-02857,63.0,2.796,39.8,98,41.2,7.42,183.4,101.109,2.935,30.1,67.4,182.8,91.9,88.34,0.8,2,0.7,0,0
BATCH-02858,67.31,2.138,42.0,50,50.6,6.56,204.5,100.857,3.187,13.4,46.8,133.8,90.1,89.48,2.5,1,7.6,0,1
BATCH-02859,67.08,2.402,38.7,134,65.5,6.82,201.9,97.99,2.934,27.5,50.4,151.4,64.8,93.67,2.3,0,2.5,0,0
BATCH-02860,63.93,2.274,57.4,171,51.1,7.05,251.2,100.933,1.974,38.9,60.2,119.7,101.7,76.01,6.7,0,4.2,0,0
BATCH-02861,71.49,2.105,57.3,124,49.7,6.19,261.7,100.232,2.305,41.3,62.2,172.5,62.6,72.96,6.1,0,3.3,0,0
BATCH-02862,71.35,2.496,41.7,85,50.3,7.17,165.8,97.324,1.901,35.8,45.2,147.0,96.4,87.23,12.0,0,0.5,1,0
BATCH-02863,51.01,2.392,27.1,104,34.3,7.78,204.5,94.986,2.164,19.3,47.4,158.9,71.7,82.71,5.0,0,0.5,0,0
BATCH-02864,75.43,2.314,39.3,109,46.2,6.7,227.0,97.673,1.532,40.1,56.9,142.2,82.5,100.0,1.9,0,1.9,0,1
BATCH-02865,51.7,2.136,39.0,95,44.7,6.12,260.7,97.033,2.408,35.8,71.4,164.7,83.4,88.67,7.6,2,1.8,0,0
BATCH-02866,73.26,2.66,38.4,142,48.2,6.76,228.7,98.31,1.298,29.1,63.7,159.9,83.0,85.47,3.4,0,4.5,0,0
BATCH-02867,74.01,3.327,38.0,140,46.2,5.47,211.6,98.134,2.34,13.8,53.3,125.1,90.1,83.62,1.1,1,4.0,1,1
BATCH-02868,56.27,2.57,38.5,91,48.8,7.0,226.7,98.095,1.501,37.6,38.1,126.6,85.9,75.26,6.9,0,13.9,1,0
BATCH-02869,61.71,2.998,41.1,138,41.9,7.07,227.0,98.786,2.665,25.3,55.6,149.3,91.8,89.51,0.7,0,7.8,0,0
BATCH-02870,56.15,1.805,38.6,158,45.6,7.81,162.9,96.181,1.956,32.8,57.5,166.5,87.0,84.37,1.0,0,2.7,1,0
BATCH-02871,63.28,2.579,47.1,168,32.7,6.68,207.7,98.617,2.732,30.5,52.3,196.6,61.0,84.37,7.1,0,2.8,0,0
BATCH-02872,62.54,1.951,48.6,192,41.8,7.05,258.4,97.341,3.365,42.3,49.0,157.6,84.0,85.76,7.4,0,4.5,0,0
BATCH-02873,71.24,1.762,35.9,97,58.9,6.28,191.7,98.3,3.772,29.0,56.1,175.2,71.5,86.77,7.8,1,0.5,0,0
BATCH-02874,75.48,2.13,57.7,191,48.2,6.59,205.2,99.436,0.5,29.9,48.4,109.7,63.4,71.09,1.7,1,15.0,1,0
BATCH-02875,76.17,3.096,35.2,111,44.8,5.88,190.3,96.163,1.833,42.6,68.1,200.3,75.7,91.7,10.1,1,2.9,0,0
BATCH-02876,60.5,2.975,28.8,105,64.0,6.68,107.4,97.578,2.258,24.7,65.6,165.1,82.7,78.23,6.4,2,9.6,0,0
BATCH-02877,63.33,2.622,48.8,128,31.4,6.62,200.8,97.822,2.868,36.5,59.6,148.8,83.7,83.9,9.0,2,13.7,0,0
BATCH-02878,51.53,1.734,36.8,105,33.9,6.98,212.1,97.229,1.18,28.4,55.6,145.9,95.8,95.29,6.2,1,3.5,0,0
BATCH-02879,58.55,2.402,48.2,130,62.1,6.43,179.5,99.35,1.714,22.0,50.4,122.3,99.6,99.24,4.3,0,0.5,1,0
BATCH-02880,72.72,2.651,21.0,87,45.5,6.85,153.8,96.919,2.604,30.0,54.9,129.5,85.0,71.4,0.6,2,3.4,1,1
BATCH-02881,77.92,2.588,58.9,114,42.6,6.6,164.8,97.167,2.568,35.5,66.5,197.8,87.8,85.24,6.2,2,3.6,1,0
BATCH-02882,55.13,1.578,51.7,152,33.0,6.6,230.6,96.935,2.802,40.8,61.1,125.3,81.4,87.18,5.9,1,6.2,1,0
BATCH-02883,60.26,2.055,30.0,119,49.5,6.85,278.9,99.638,2.855,41.8,56.4,124.8,91.5,72.94,1.9,1,0.5,1,0
BATCH-02884,64.79,2.468,30.2,124,50.4,6.82,255.3,97.261,2.771,27.6,61.5,132.4,87.3,91.42,6.7,0,2.5,0,0
BATCH-02885,67.24,2.768,61.7,132,34.1,7.26,146.2,98.69,2.655,22.1,58.8,120.0,79.2,85.93,4.0,1,10.2,0,0
BATCH-02886,58.52,1.402,37.6,149,43.6,6.73,234.2,100.964,2.545,27.5,57.8,150.4,112.3,86.55,4.1,2,15.0,0,0
BATCH-02887,68.39,2.419,36.7,79,41.6,6.59,173.5,97.888,3.032,20.5,61.9,177.2,71.8,77.66,2.3,1,0.8,0,0
BATCH-02888,61.21,2.572,22.3,135,47.6,6.69,176.7,99.668,0.709,28.3,58.6,134.7,101.8,88.3,0.6,1,8.2,0,1
BATCH-02889,64.88,2.925,41.5,113,33.8,6.37,181.5,100.507,3.735,27.3,61.0,115.7,59.7,91.71,1.2,0,0.6,1,0
BATCH-02890,69.37,2.846,42.7,124,57.5,6.58,228.2,99.541,0.736,35.8,56.1,157.3,92.2,86.02,7.3,0,7.4,0,0
BATCH-02891,65.05,2.791,52.2,146,54.2,8.02,238.4,97.975,1.637,12.4,53.2,148.6,101.5,80.89,1.6,1,1.3,1,0
BATCH-02892,61.51,2.1,31.0,90,41.4,6.25,196.1,98.963,2.319,24.1,51.2,175.1,51.4,81.51,0.5,0,12.8,0,1
BATCH-02893,64.12,1.546,29.8,95,42.8,6.63,196.8,96.069,3.038,24.2,50.3,138.6,82.1,86.76,20.0,1,4.8,0,0
BATCH-02894,64.29,2.303,49.5,72,43.6,6.57,218.6,96.83,0.5,39.5,43.8,143.5,90.7,85.39,1.2,1,2.0,0,0
BATCH-02895,62.04,3.001,55.1,106,37.2,6.65,222.7,97.093,2.478,21.1,48.6,146.3,83.8,92.24,5.3,0,1.3,0,0
BATCH-02896,62.93,3.197,29.3,153,40.6,6.6,247.0,101.361,3.134,31.8,48.4,152.2,85.7,81.16,13.1,0,1.1,0,0
BATCH-02897,77.79,2.855,55.8,117,42.3,6.97,148.6,96.781,3.296,29.0,51.4,140.2,82.0,75.25,4.6,2,4.6,0,1
BATCH-02898,69.49,2.715,45.4,86,61.1,5.77,200.8,96.759,1.942,38.3,65.9,136.1,63.6,87.88,8.0,0,9.0,0,0
BATCH-02899,62.64,2.69,55.9,108,54.5,7.42,157.3,96.434,2.259,34.8,53.9,103.7,115.5,81.18,18.7,0,5.6,0,0
BATCH-02900,70.58,2.222,44.3,83,54.3,7.18,198.0,98.84,2.007,31.0,56.7,135.9,72.4,91.27,9.8,1,7.2,1,0
BATCH-02901,62.33,2.435,19.8,92,48.7,6.05,191.0,98.214,2.186,25.6,56.9,167.9,86.5,85.06,4.1,2,6.1,0,0
BATCH-02902,74.38,3.335,43.5,130,33.8,5.44,198.1,99.63,1.675,15.2,66.1,171.3,70.3,90.24,2.3,2,15.0,1,1
BATCH-02903,67.96,2.029,55.6,91,44.6,6.21,168.0,99.007,1.789,32.0,51.0,138.2,45.9,76.89,3.3,1,5.7,0,0
BATCH-02904,64.14,3.307,36.1,148,54.7,6.65,140.5,95.929,2.848,34.2,53.4,182.5,66.1,86.15,9.2,0,0.9,0,0
BATCH-02905,68.58,2.339,41.1,118,32.4,8.35,116.2,96.789,2.605,17.4,54.3,149.3,58.3,79.41,9.6,2,6.3,1,0
BATCH-02906,52.43,3.163,43.2,122,51.4,7.13,194.8,100.048,2.893,20.1,63.0,116.6,96.4,75.24,9.3,1,1.6,1,0
BATCH-02907,55.99,1.797,16.0,113,68.2,5.72,182.8,97.695,2.671,32.0,64.4,108.7,70.9,78.11,4.5,1,15.0,1,1
BATCH-02908,55.45,2.793,61.7,139,55.6,6.39,173.0,99.781,3.063,32.7,58.3,180.5,72.3,80.64,3.2,0,1.9,0,0
BATCH-02909,66.14,2.132,36.0,140,59.1,6.77,252.9,97.775,3.203,22.1,63.6,140.7,64.0,94.96,1.9,0,1.4,0,1
BATCH-02910,78.86,1.792,50.1,128,47.2,6.95,165.6,96.549,1.107,25.4,56.2,119.6,81.4,80.43,0.5,0,1.1,1,0
BATCH-02911,82.85,2.609,44.1,134,54.7,6.01,256.7,97.545,1.817,15.3,53.8,93.5,69.3,74.83,7.2,0,4.3,0,0
BATCH-02912,70.1,3.005,57.6,115,37.8,6.72,265.0,96.548,2.315,41.0,63.3,140.1,94.9,86.05,1.6,0,0.5,1,0
BATCH-02913,69.01,2.078,49.1,134,53.0,6.37,122.0,97.152,2.482,19.6,58.4,160.1,84.5,85.23,2.0,2,12.3,0,1
BATCH-02914,50.59,1.75,42.7,112,51.5,6.14,203.7,98.301,1.964,34.3,49.9,132.6,71.4,81.06,9.3,0,1.4,0,0
BATCH-02915,60.66,2.454,36.1,120,47.9,6.96,184.0,98.767,3.23,29.7,62.0,123.7,92.8,83.71,0.5,0,1.4,0,0
BATCH-02916,58.7,2.456,53.0,113,58.2,7.26,83.5,95.615,4.084,40.3,53.5,136.3,80.1,92.81,13.1,0,0.5,1,0
BATCH-02917,60.03,2.774,26.3,109,39.6,7.3,142.2,97.974,2.649,23.7,52.7,181.1,80.3,90.37,0.5,1,1.1,0,0
BATCH-02918,63.65,2.975,51.5,103,43.1,7.14,231.0,97.12,2.567,30.5,61.3,115.2,58.1,89.67,14.0,2,2.2,1,0
BATCH-02919,61.22,2.47,34.0,132,46.0,6.5,280.8,97.027,3.18,16.4,54.4,134.0,78.9,75.53,3.0,1,1.8,0,0
BATCH-02920,49.17,3.428,57.5,153,34.7,7.23,236.1,98.199,1.007,14.5,57.7,180.3,84.8,100.0,0.5,2,1.3,1,0
BATCH-02921,70.98,2.612,46.6,149,47.3,6.99,212.9,97.174,2.523,34.8,59.6,162.4,100.0,93.41,5.6,2,0.5,0,0
BATCH-02922,56.42,2.327,51.4,89,27.8,6.88,199.1,100.073,3.283,15.7,49.5,154.5,68.7,89.14,11.3,2,1.4,1,0
BATCH-02923,66.91,1.694,45.8,152,55.5,6.43,267.3,99.782,1.985,28.2,57.7,133.8,114.2,75.69,2.9,0,6.0,0,0
BATCH-02924,81.59,2.369,27.5,112,45.5,6.5,285.9,99.773,1.519,38.1,64.4,150.8,88.4,92.58,5.9,0,2.3,1,1
BATCH-02925,57.64,2.332,36.4,135,39.8,6.84,176.5,97.258,2.351,36.0,48.3,136.6,57.2,80.99,19.4,0,1.4,0,0
BATCH-02926,44.76,2.98,51.7,97,36.7,8.26,120.0,96.556,2.451,24.7,58.1,128.5,67.3,83.45,1.4,0,1.5,0,1
BATCH-02927,62.71,2.731,46.7,124,42.7,6.98,116.1,98.123,1.773,17.3,49.2,123.0,101.3,71.55,8.6,1,3.2,0,0
BATCH-02928,73.81,1.91,56.8,128,51.9,6.43,252.9,97.774,4.177,34.1,62.1,169.6,98.6,75.07,1.7,0,1.4,1,0
BATCH-02929,80.67,2.586,49.0,83,50.5,6.3,198.1,97.087,2.117,40.7,62.1,148.5,80.3,88.51,2.8,1,4.0,0,1
BATCH-02930,55.16,2.836,35.3,135,37.9,6.5,207.3,96.236,1.577,24.7,52.5,157.9,82.2,93.05,1.7,0,15.0,0,1
BATCH-02931,68.97,3.264,37.0,154,36.5,8.11,128.4,97.938,2.425,23.6,70.5,153.8,62.5,90.48,3.0,0,0.5,0,0
BATCH-02932,61.28,2.944,46.0,116,51.6,6.56,169.9,97.394,3.226,25.8,62.7,161.0,99.8,90.21,0.5,0,0.7,0,0
BATCH-02933,64.15,2.88,21.9,154,37.8,7.34,188.2,99.033,2.514,34.6,59.9,143.6,65.2,84.48,1.8,2,0.8,1,1
BATCH-02934,86.15,2.53,61.7,115,45.6,6.57,208.3,98.998,2.888,39.8,59.6,138.0,92.7,81.75,2.9,1,2.4,0,0
BATCH-02935,52.98,2.694,49.4,141,46.2,6.96,184.1,99.651,1.803,20.1,61.9,129.6,100.3,87.31,5.0,2,0.5,0,1
BATCH-02936,67.03,3.125,57.3,65,48.1,7.28,158.5,96.111,3.69,18.0,48.0,114.7,80.7,91.57,5.1,2,2.6,0,0
BATCH-02937,68.74,1.834,29.2,180,53.6,6.46,168.6,98.602,2.949,48.7,56.4,121.9,94.5,85.04,4.4,0,10.6,0,0
BATCH-02938,73.69,2.325,57.4,157,32.4,6.42,248.3,96.909,3.338,28.6,57.7,140.9,107.7,94.68,1.7,0,0.5,0,0
BATCH-02939,65.78,2.114,67.3,113,25.9,7.8,209.8,96.169,2.792,32.0,52.2,109.9,84.0,83.28,14.7,1,1.8,0,0
BATCH-02940,67.46,2.69,31.8,71,39.3,7.39,224.5,97.357,3.16,24.5,58.3,115.4,77.4,77.16,2.5,1,5.7,0,0
BATCH-02941,61.87,3.115,52.7,127,63.0,7.27,164.0,99.603,1.802,33.9,63.6,176.1,79.0,84.92,1.2,0,0.7,0,0
BATCH-02942,67.15,2.202,45.0,84,65.2,7.27,81.8,97.442,2.107,37.7,52.0,155.6,68.9,85.85,4.0,0,0.5,1,0
BATCH-02943,62.25,1.305,29.6,131,63.3,7.08,179.1,100.348,3.577,32.4,54.6,138.7,68.5,84.34,6.9,1,4.0,0,0
BATCH-02944,69.97,2.294,49.9,130,43.1,8.01,165.3,98.823,3.748,43.9,49.3,206.8,86.6,95.25,0.5,0,0.5,1,0
BATCH-02945,62.04,2.957,53.3,96,27.2,6.83,214.0,97.409,1.582,27.4,42.5,108.8,77.5,91.44,1.6,2,6.5,0,0
BATCH-02946,68.02,2.769,39.0,148,21.6,7.15,331.4,99.74,2.7,27.9,60.5,174.4,84.9,73.55,8.7,1,0.5,1,0
BATCH-02947,64.77,2.714,56.7,140,38.9,5.93,227.8,98.668,2.155,31.9,54.8,147.2,57.7,97.27,3.5,0,3.0,0,0
BATCH-02948,74.01,2.36,28.3,144,43.0,6.31,309.4,96.601,1.942,33.7,55.3,169.6,78.6,63.07,2.6,0,5.4,0,1
BATCH-02949,64.59,1.86,30.1,120,58.0,6.08,222.8,100.788,2.728,31.8,48.1,152.7,95.5,100.0,13.4,1,1.1,1,0
BATCH-02950,50.82,2.758,46.4,85,53.7,7.56,174.8,98.389,3.413,19.7,53.7,103.2,63.2,82.7,0.5,1,0.5,1,0
BATCH-02951,75.1,2.083,45.3,144,47.3,5.27,213.9,98.028,2.861,32.5,62.7,152.4,80.2,83.48,4.8,1,0.8,0,0
BATCH-02952,57.75,3.592,37.8,113,36.1,6.56,271.2,96.717,2.244,27.0,55.0,158.4,52.2,84.52,2.1,1,7.7,0,0
BATCH-02953,59.77,2.785,53.1,85,35.4,5.0,273.2,99.769,2.912,25.4,55.2,95.2,60.4,88.08,0.5,1,4.9,0,0
BATCH-02954,60.23,2.21,50.3,154,47.5,6.3,177.0,98.776,2.212,30.3,56.5,198.6,92.1,85.0,1.2,0,0.9,1,0
BATCH-02955,76.0,2.194,53.6,172,52.0,6.51,210.1,98.944,2.83,22.3,46.3,157.8,75.4,83.93,4.9,2,5.0,1,0
BATCH-02956,47.91,2.454,43.8,119,48.9,7.63,142.8,97.239,3.617,20.9,59.4,166.8,107.3,95.47,0.5,0,4.9,0,1
BATCH-02957,90.1,2.38,51.0,174,34.7,7.04,233.0,99.251,0.838,10.0,46.2,120.9,86.5,89.52,4.5,0,15.0,1,0
BATCH-02958,73.45,3.058,40.5,122,51.5,6.3,262.1,99.368,3.138,44.0,48.4,167.3,88.0,77.33,15.7,0,2.0,0,0
BATCH-02959,66.79,2.593,65.5,110,49.3,7.44,201.6,96.997,1.269,34.4,47.7,177.2,63.9,90.93,7.9,0,8.0,1,0
BATCH-02960,64.56,2.134,36.9,104,34.3,6.81,173.3,95.875,3.483,29.1,53.8,156.3,74.2,89.19,2.1,0,2.4,0,0
BATCH-02961,67.28,3.445,66.1,161,37.2,6.82,214.4,98.872,1.99,24.7,52.5,149.8,69.0,80.64,0.7,1,9.1,0,1
BATCH-02962,69.17,2.525,45.3,100,51.9,6.08,216.7,95.64,1.526,10.0,55.0,127.7,64.0,91.34,3.1,0,0.5,0,1
BATCH-02963,70.16,2.884,31.2,138,42.7,6.21,203.2,98.228,3.056,24.2,48.7,144.6,90.0,83.74,2.5,2,0.8,1,1
BATCH-02964,69.44,2.196,58.7,106,60.9,6.3,207.1,97.329,2.791,35.7,62.0,137.2,93.0,83.23,17.8,1,7.6,1,0
BATCH-02965,65.72,2.682,46.3,108,50.0,6.83,193.0,99.828,1.701,37.5,60.8,164.3,86.0,83.01,20.0,0,6.8,1,0
BATCH-02966,63.42,2.656,53.5,146,40.1,6.85,239.8,97.411,1.498,35.1,53.8,128.8,67.6,65.58,2.6,0,1.5,0,1
BATCH-02967,63.79,1.555,57.2,110,44.9,7.73,229.4,99.661,2.35,31.3,51.7,164.1,85.0,80.79,0.8,0,3.6,0,0
BATCH-02968,63.44,3.508,48.4,110,45.6,7.03,160.7,97.229,1.537,40.4,50.9,129.0,51.3,90.71,12.1,0,1.9,0,0
BATCH-02969,74.07,3.145,39.1,148,37.7,5.18,159.6,99.5,1.651,27.4,52.8,143.4,99.8,84.82,7.9,0,0.5,1,0
BATCH-02970,69.75,2.301,54.8,160,35.9,6.96,189.8,101.091,2.592,38.7,45.2,165.4,60.5,74.72,3.6,0,0.5,1,0
BATCH-02971,41.48,1.949,45.0,136,52.0,5.93,229.5,96.398,1.727,26.9,48.3,132.4,63.2,92.72,2.3,0,0.5,0,0
BATCH-02972,70.25,2.674,51.9,104,53.5,6.22,205.9,98.438,2.841,23.0,61.0,166.3,81.7,82.61,3.0,0,3.6,1,0
BATCH-02973,66.56,2.543,23.5,107,51.0,6.31,174.3,102.0,3.692,22.0,57.1,163.8,83.1,75.23,11.6,0,1.3,1,0
BATCH-02974,64.85,2.678,49.5,122,60.2,6.4,210.5,98.1,2.381,21.5,66.4,143.2,78.9,100.0,1.0,2,0.6,0,0
BATCH-02975,61.89,2.596,38.6,128,39.6,5.97,186.8,98.093,2.604,35.3,52.9,179.0,63.3,76.57,8.2,0,11.3,0,0
BATCH-02976,73.99,2.753,61.5,95,61.7,6.92,235.2,99.183,4.114,24.1,52.5,151.9,97.0,92.04,0.5,1,0.5,0,0
BATCH-02977,72.58,3.224,51.2,138,36.0,5.95,213.3,98.062,1.55,21.7,52.1,177.6,54.7,78.85,12.7,0,4.5,1,0
BATCH-02978,58.82,2.784,47.4,122,34.9,7.01,187.4,95.439,3.453,35.7,52.8,194.8,57.8,86.09,3.5,0,9.0,1,0
BATCH-02979,68.26,1.975,49.9,77,27.4,8.14,209.3,99.698,3.357,32.6,50.4,144.0,78.4,77.78,1.3,1,0.7,1,0
BATCH-02980,57.23,3.181,35.0,97,40.5,6.0,252.6,94.996,3.183,37.7,56.9,166.1,61.0,75.09,0.5,0,1.0,1,0
BATCH-02981,53.96,3.32,61.2,107,40.0,6.63,177.2,97.375,3.533,34.1,55.2,134.1,98.3,89.18,4.1,0,3.4,0,0
BATCH-02982,59.99,4.076,64.9,118,50.3,5.29,216.1,99.811,2.724,24.0,51.4,124.2,62.3,88.24,1.4,1,2.8,1,1
BATCH-02983,71.9,1.938,48.9,167,47.4,6.62,197.2,97.465,2.034,30.6,63.8,145.1,103.4,94.16,5.0,0,2.9,1,0
BATCH-02984,72.63,2.621,60.9,126,33.1,7.19,217.1,96.959,3.376,31.0,68.3,115.9,95.5,84.72,1.7,0,3.2,1,0
BATCH-02985,69.1,1.459,39.3,99,41.1,7.23,173.8,99.319,3.406,22.6,63.2,126.6,98.5,100.0,0.5,0,12.0,0,0
BATCH-02986,70.8,2.777,37.0,126,41.3,6.85,204.4,96.723,3.384,21.2,58.9,164.8,108.3,87.15,3.5,0,0.5,1,0
BATCH-02987,69.13,2.226,45.4,111,27.2,7.33,244.3,96.167,2.536,24.6,60.3,137.2,81.2,89.53,4.2,0,5.7,1,0
BATCH-02988,59.87,3.462,49.3,128,35.2,8.33,162.5,98.412,1.927,46.3,68.0,167.8,64.8,74.13,3.0,2,1.1,1,1
BATCH-02989,68.46,2.113,41.1,135,37.3,7.83,146.8,97.726,2.653,26.7,60.3,157.5,78.5,80.09,3.1,1,1.9,1,0
BATCH-02990,71.4,1.655,50.4,150,59.3,6.49,148.3,96.134,3.254,39.9,50.9,196.3,71.5,89.16,4.5,1,0.5,0,0
BATCH-02991,71.03,2.264,48.1,119,46.9,5.93,153.2,98.955,3.319,26.3,57.7,163.1,69.4,84.33,3.7,1,2.4,1,0
BATCH-02992,74.51,1.512,35.0,161,51.6,6.56,223.8,98.697,2.156,37.1,59.4,177.9,82.3,86.5,0.7,1,6.5,0,1
BATCH-02993,70.67,2.876,50.2,143,30.0,6.23,143.8,97.46,2.752,37.2,48.0,160.0,75.3,78.47,1.1,1,0.5,0,0
BATCH-02994,67.81,1.467,53.6,102,56.9,7.07,188.1,97.563,1.453,37.6,53.0,157.8,68.7,85.98,0.8,1,1.3,1,0
BATCH-02995,73.56,2.514,46.7,175,58.0,6.09,224.7,98.706,3.288,33.1,62.7,179.1,76.3,85.95,5.9,0,1.9,0,0
BATCH-02996,64.79,1.461,56.5,128,25.0,6.76,216.7,99.786,1.873,41.0,42.2,166.7,88.2,75.56,3.8,0,0.5,0,0
BATCH-02997,57.95,2.34,32.8,99,37.9,7.3,184.6,97.576,3.128,33.0,46.2,155.3,94.3,90.14,2.8,2,5.7,1,0
BATCH-02998,63.7,3.322,49.7,161,50.0,6.74,207.6,98.982,1.581,43.7,53.8,155.1,56.0,71.4,8.0,2,6.2,0,0
BATCH-02999,59.04,2.68,33.3,172,51.4,6.23,204.3,98.848,3.325,17.0,57.5,163.5,75.5,86.47,2.0,0,7.2,1,0
